2026-06-19 22:21:57 [INFO] ======================================================================
2026-06-19 22:21:57 [INFO]   WSI PATCH EXTRACTOR
2026-06-19 22:21:57 [INFO]   Config: config_files/patches_histai_breast.yaml
2026-06-19 22:21:57 [INFO] ======================================================================
2026-06-19 22:21:57 [INFO] GPUs available: 2
2026-06-19 22:21:57 [INFO]   GPU 0: NVIDIA GeForce RTX 4090 (23 GB)
2026-06-19 22:21:57 [INFO]   GPU 1: NVIDIA GeForce RTX 4090 (23 GB)
2026-06-19 22:21:57 [INFO] 
────────────────────────────────────────────────────────────
2026-06-19 22:21:57 [INFO] Dataset: HISTAI_Breast  |  Format: tiff
2026-06-19 22:21:57 [INFO] Path: /home/shared_data/HISTAI/HISTAI_Breast
2026-06-19 22:21:59 [INFO] Found 1925 file(s)
2026-06-19 22:21:59 [ERROR] [slide_H&E_0] FAILED: libopenslide.so.0: cannot open shared object file: No such file or directory
2026-06-19 22:21:59 [ERROR] [slide_H&E_0] FAILED: libopenslide.so.0: cannot open shared object file: No such file or directory
2026-06-19 22:21:59 [ERROR] [slide_H&E_0] FAILED: libopenslide.so.0: cannot open shared object file: No such file or directory
2026-06-19 22:21:59 [ERROR] [slide_H&E_0] FAILED: libopenslide.so.0: cannot open shared object file: No such file or directory
2026-06-19 22:21:59 [ERROR] [slide_H&E_1] FAILED: libopenslide.so.0: cannot open shared object file: No such file or directory
2026-06-19 22:21:59 [ERROR] [slide_H&E_0] FAILED: libopenslide.so.0: cannot open shared object file: No such file or directory
2026-06-19 22:21:59 [ERROR] [slide_H&E_1] FAILED: libopenslide.so.0: cannot open shared object file: No such file or directory
2026-06-19 22:21:59 [ERROR] [slide_H&E_0] FAILED: libopenslide.so.0: cannot open shared object file: No such file or directory
2026-06-19 22:21:59 [ERROR] [slide_H&E_1] FAILED: libopenslide.so.0: cannot open shared object file: No such file or directory
2026-06-19 22:21:59 [ERROR] [slide_H&E_2] FAILED: libopenslide.so.0: cannot open shared object file: No such file or directory
2026-06-19 22:21:59 [ERROR] [slide_H&E_0] FAILED: libopenslide.so.0: cannot open shared object file: No such file or directory
2026-06-19 22:21:59 [ERROR] [slide_H&E_0] FAILED: libopenslide.so.0: cannot open shared object file: No such file or directory
2026-06-19 22:21:59 [ERROR] [slide_H&E_1] FAILED: libopenslide.so.0: cannot open shared object file: No such file or directory
2026-06-19 22:21:59 [ERROR] [slide_H&E_2] FAILED: libopenslide.so.0: cannot open shared object file: No such file or directory
2026-06-19 22:21:59 [ERROR] [slide_H&E_3] FAILED: libopenslide.so.0: cannot open shared object file: No such file or directory
2026-06-19 22:21:59 [ERROR] [slide_H&E_4] FAILED: libopenslide.so.0: cannot open shared object file: No such file or directory
2026-06-19 22:21:59 [ERROR] [slide_H&E_0] FAILED: libopenslide.so.0: cannot open shared object file: No such file or directory
2026-06-19 22:21:59 [ERROR] [slide_H&E_0] FAILED: libopenslide.so.0: cannot open shared object file: No such file or directory
2026-06-19 22:21:59 [ERROR] [slide_H&E_1] FAILED: libopenslide.so.0: cannot open shared object file: No such file or directory
2026-06-19 22:21:59 [ERROR] [slide_H&E_2] FAILED: libopenslide.so.0: cannot open shared object file: No such file or directory
2026-06-19 22:21:59 [ERROR] [slide_H&E_3] FAILED: libopenslide.so.0: cannot open shared object file: No such file or directory
2026-06-19 22:21:59 [ERROR] [slide_H&E_4] FAILED: libopenslide.so.0: cannot open shared object file: No such file or directory
2026-06-19 22:21:59 [ERROR] [slide_H&E_5] FAILED: libopenslide.so.0: cannot open shared object file: No such file or directory
2026-06-19 22:21:59 [ERROR] [slide_H&E_6] FAILED: libopenslide.so.0: cannot open shared object file: No such file or directory
2026-06-19 22:21:59 [ERROR] [slide_H&E_0] FAILED: libopenslide.so.0: cannot open shared object file: No such file or directory
2026-06-19 22:21:59 [ERROR] [slide_H&E_1] FAILED: libopenslide.so.0: cannot open shared object file: No such file or directory
2026-06-19 22:21:59 [ERROR] [slide_H&E_2] FAILED: libopenslide.so.0: cannot open shared object file: No such file or directory
2026-06-19 22:21:59 [ERROR] [slide_H&E_3] FAILED: libopenslide.so.0: cannot open shared object file: No such file or directory
2026-06-19 22:21:59 [ERROR] [slide_H&E_4] FAILED: libopenslide.so.0: cannot open shared object file: No such file or directory
2026-06-19 22:21:59 [ERROR] [slide_H&E_5] FAILED: libopenslide.so.0: cannot open shared object file: No such file or directory
2026-06-19 22:21:59 [ERROR] [slide_H&E_6] FAILED: libopenslide.so.0: cannot open shared object file: No such file or directory
2026-06-19 22:21:59 [ERROR] [slide_H&E_0] FAILED: libopenslide.so.0: cannot open shared object file: No such file or directory
2026-06-19 22:21:59 [ERROR] [slide_H&E_1] FAILED: libopenslide.so.0: cannot open shared object file: No such file or directory
2026-06-19 22:21:59 [ERROR] [slide_H&E_0] FAILED: libopenslide.so.0: cannot open shared object file: No such file or directory
2026-06-19 22:21:59 [ERROR] [slide_H&E_0] FAILED: libopenslide.so.0: cannot open shared object file: No such file or directory
2026-06-19 22:21:59 [ERROR] [slide_H&E_0] FAILED: libopenslide.so.0: cannot open shared object file: No such file or directory
2026-06-19 22:21:59 [ERROR] [slide_H&E_0] FAILED: libopenslide.so.0: cannot open shared object file: No such file or directory
2026-06-19 22:21:59 [ERROR] [slide_H&E_1] FAILED: libopenslide.so.0: cannot open shared object file: No such file or directory
2026-06-19 22:21:59 [ERROR] [slide_H&E_2] FAILED: libopenslide.so.0: cannot open shared object file: No such file or directory
2026-06-19 22:21:59 [ERROR] [slide_H&E_0] FAILED: libopenslide.so.0: cannot open shared object file: No such file or directory
2026-06-19 22:21:59 [ERROR] [slide_H&E_1] FAILED: libopenslide.so.0: cannot open shared object file: No such file or directory
2026-06-19 22:21:59 [ERROR] [slide_H&E_0] FAILED: libopenslide.so.0: cannot open shared object file: No such file or directory
2026-06-19 22:21:59 [ERROR] [slide_H&E_0] FAILED: libopenslide.so.0: cannot open shared object file: No such file or directory
2026-06-19 22:21:59 [ERROR] [slide_H&E_1] FAILED: libopenslide.so.0: cannot open shared object file: No such file or directory
2026-06-19 22:21:59 [ERROR] [slide_H&E_2] FAILED: libopenslide.so.0: cannot open shared object file: No such file or directory
2026-06-19 22:21:59 [ERROR] [slide_H&E_3] FAILED: libopenslide.so.0: cannot open shared object file: No such file or directory
2026-06-19 22:21:59 [ERROR] [slide_H&E_0] FAILED: libopenslide.so.0: cannot open shared object file: No such file or directory
2026-06-19 22:21:59 [ERROR] [slide_H&E_1] FAILED: libopenslide.so.0: cannot open shared object file: No such file or directory
2026-06-19 22:21:59 [ERROR] [slide_H&E_2] FAILED: libopenslide.so.0: cannot open shared object file: No such file or directory
2026-06-19 22:21:59 [ERROR] [slide_H&E_3] FAILED: libopenslide.so.0: cannot open shared object file: No such file or directory
2026-06-19 22:21:59 [ERROR] [slide_H&E_4] FAILED: libopenslide.so.0: cannot open shared object file: No such file or directory
2026-06-19 22:21:59 [ERROR] [slide_H&E_0] FAILED: libopenslide.so.0: cannot open shared object file: No such file or directory
2026-06-19 22:21:59 [ERROR] [slide_H&E_0] FAILED: libopenslide.so.0: cannot open shared object file: No such file or directory
2026-06-19 22:21:59 [ERROR] [slide_H&E_0] FAILED: libopenslide.so.0: cannot open shared object file: No such file or directory
2026-06-19 22:21:59 [ERROR] [slide_H&E_0] FAILED: libopenslide.so.0: cannot open shared object file: No such file or directory
2026-06-19 22:21:59 [ERROR] [slide_H&E_1] FAILED: libopenslide.so.0: cannot open shared object file: No such file or directory
2026-06-19 22:21:59 [ERROR] [slide_H&E_0] FAILED: libopenslide.so.0: cannot open shared object file: No such file or directory
2026-06-19 22:21:59 [ERROR] [slide_H&E_0] FAILED: libopenslide.so.0: cannot open shared object file: No such file or directory
2026-06-19 22:21:59 [ERROR] [slide_H&E_1] FAILED: libopenslide.so.0: cannot open shared object file: No such file or directory
2026-06-19 22:21:59 [ERROR] [slide_H&E_2] FAILED: libopenslide.so.0: cannot open shared object file: No such file or directory
2026-06-19 22:21:59 [ERROR] [slide_H&E_3] FAILED: libopenslide.so.0: cannot open shared object file: No such file or directory
2026-06-19 22:21:59 [ERROR] [slide_H&E_0] FAILED: libopenslide.so.0: cannot open shared object file: No such file or directory
2026-06-19 22:21:59 [ERROR] [slide_H&E_1] FAILED: libopenslide.so.0: cannot open shared object file: No such file or directory
2026-06-19 22:21:59 [ERROR] [slide_H&E_0] FAILED: libopenslide.so.0: cannot open shared object file: No such file or directory
2026-06-19 22:21:59 [ERROR] [slide_H&E_1] FAILED: libopenslide.so.0: cannot open shared object file: No such file or directory
2026-06-19 22:21:59 [ERROR] [slide_H&E_0] FAILED: libopenslide.so.0: cannot open shared object file: No such file or directory
2026-06-19 22:21:59 [ERROR] [slide_H&E_1] FAILED: libopenslide.so.0: cannot open shared object file: No such file or directory
2026-06-19 22:21:59 [ERROR] [slide_H&E_0] FAILED: libopenslide.so.0: cannot open shared object file: No such file or directory
2026-06-19 22:21:59 [ERROR] [slide_H&E_0] FAILED: libopenslide.so.0: cannot open shared object file: No such file or directory
2026-06-19 22:21:59 [ERROR] [slide_H&E_1] FAILED: libopenslide.so.0: cannot open shared object file: No such file or directory
2026-06-19 22:21:59 [ERROR] [slide_H&E_2] FAILED: libopenslide.so.0: cannot open shared object file: No such file or directory
2026-06-19 22:21:59 [ERROR] [slide_H&E_3] FAILED: libopenslide.so.0: cannot open shared object file: No such file or directory
2026-06-19 22:21:59 [ERROR] [slide_H&E_4] FAILED: libopenslide.so.0: cannot open shared object file: No such file or directory
2026-06-19 22:21:59 [ERROR] [slide_H&E_5] FAILED: libopenslide.so.0: cannot open shared object file: No such file or directory
2026-06-19 22:21:59 [ERROR] [slide_H&E_6] FAILED: libopenslide.so.0: cannot open shared object file: No such file or directory
2026-06-19 22:21:59 [ERROR] [slide_H&E_7] FAILED: libopenslide.so.0: cannot open shared object file: No such file or directory
2026-06-19 22:21:59 [ERROR] [slide_H&E_8] FAILED: libopenslide.so.0: cannot open shared object file: No such file or directory
2026-06-19 22:21:59 [ERROR] [slide_H&E_9] FAILED: libopenslide.so.0: cannot open shared object file: No such file or directory
2026-06-19 22:21:59 [ERROR] [slide_H&E_0] FAILED: libopenslide.so.0: cannot open shared object file: No such file or directory
2026-06-19 22:21:59 [ERROR] [slide_H&E_1] FAILED: libopenslide.so.0: cannot open shared object file: No such file or directory
2026-06-19 22:21:59 [ERROR] [slide_H&E_2] FAILED: libopenslide.so.0: cannot open shared object file: No such file or directory
2026-06-19 22:21:59 [ERROR] [slide_H&E_3] FAILED: libopenslide.so.0: cannot open shared object file: No such file or directory
2026-06-19 22:21:59 [ERROR] [slide_H&E_0] FAILED: libopenslide.so.0: cannot open shared object file: No such file or directory
2026-06-19 22:21:59 [ERROR] [slide_H&E_0] FAILED: libopenslide.so.0: cannot open shared object file: No such file or directory
2026-06-19 22:21:59 [ERROR] [slide_H&E_0] FAILED: libopenslide.so.0: cannot open shared object file: No such file or directory
2026-06-19 22:21:59 [ERROR] [slide_H&E_1] FAILED: libopenslide.so.0: cannot open shared object file: No such file or directory
2026-06-19 22:21:59 [ERROR] [slide_H&E_2] FAILED: libopenslide.so.0: cannot open shared object file: No such file or directory
2026-06-19 22:21:59 [ERROR] [slide_H&E_0] FAILED: libopenslide.so.0: cannot open shared object file: No such file or directory
2026-06-19 22:21:59 [ERROR] [slide_H&E_0] FAILED: libopenslide.so.0: cannot open shared object file: No such file or directory
2026-06-19 22:21:59 [ERROR] [slide_H&E_1] FAILED: libopenslide.so.0: cannot open shared object file: No such file or directory
2026-06-19 22:21:59 [ERROR] [slide_H&E_0] FAILED: libopenslide.so.0: cannot open shared object file: No such file or directory
2026-06-19 22:21:59 [ERROR] [slide_H&E_1] FAILED: libopenslide.so.0: cannot open shared object file: No such file or directory
2026-06-19 22:21:59 [ERROR] [slide_H&E_2] FAILED: libopenslide.so.0: cannot open shared object file: No such file or directory
2026-06-19 22:21:59 [ERROR] [slide_H&E_3] FAILED: libopenslide.so.0: cannot open shared object file: No such file or directory
2026-06-19 22:21:59 [ERROR] [slide_H&E_4] FAILED: libopenslide.so.0: cannot open shared object file: No such file or directory
2026-06-19 22:21:59 [ERROR] [slide_H&E_0] FAILED: libopenslide.so.0: cannot open shared object file: No such file or directory
2026-06-19 22:21:59 [ERROR] [slide_H&E_1] FAILED: libopenslide.so.0: cannot open shared object file: No such file or directory
2026-06-19 22:21:59 [ERROR] [slide_H&E_2] FAILED: libopenslide.so.0: cannot open shared object file: No such file or directory
2026-06-19 22:21:59 [ERROR] [slide_H&E_3] FAILED: libopenslide.so.0: cannot open shared object file: No such file or directory
2026-06-19 22:21:59 [ERROR] [slide_H&E_4] FAILED: libopenslide.so.0: cannot open shared object file: No such file or directory
2026-06-19 22:21:59 [ERROR] [slide_H&E_5] FAILED: libopenslide.so.0: cannot open shared object file: No such file or directory
2026-06-19 22:21:59 [ERROR] [slide_H&E_0] FAILED: libopenslide.so.0: cannot open shared object file: No such file or directory
2026-06-19 22:21:59 [ERROR] [slide_H&E_1] FAILED: libopenslide.so.0: cannot open shared object file: No such file or directory
2026-06-19 22:21:59 [ERROR] [slide_H&E_10] FAILED: libopenslide.so.0: cannot open shared object file: No such file or directory
2026-06-19 22:21:59 [ERROR] [slide_H&E_11] FAILED: libopenslide.so.0: cannot open shared object file: No such file or directory
2026-06-19 22:21:59 [ERROR] [slide_H&E_2] FAILED: libopenslide.so.0: cannot open shared object file: No such file or directory
2026-06-19 22:21:59 [ERROR] [slide_H&E_3] FAILED: libopenslide.so.0: cannot open shared object file: No such file or directory
2026-06-19 22:21:59 [ERROR] [slide_H&E_4] FAILED: libopenslide.so.0: cannot open shared object file: No such file or directory
2026-06-19 22:21:59 [ERROR] [slide_H&E_5] FAILED: libopenslide.so.0: cannot open shared object file: No such file or directory
2026-06-19 22:21:59 [ERROR] [slide_H&E_6] FAILED: libopenslide.so.0: cannot open shared object file: No such file or directory
2026-06-19 22:21:59 [ERROR] [slide_H&E_7] FAILED: libopenslide.so.0: cannot open shared object file: No such file or directory
2026-06-19 22:21:59 [ERROR] [slide_H&E_8] FAILED: libopenslide.so.0: cannot open shared object file: No such file or directory
2026-06-19 22:21:59 [ERROR] [slide_H&E_9] FAILED: libopenslide.so.0: cannot open shared object file: No such file or directory
2026-06-19 22:21:59 [ERROR] [slide_H&E_0] FAILED: libopenslide.so.0: cannot open shared object file: No such file or directory
2026-06-19 22:21:59 [ERROR] [slide_H&E_0] FAILED: libopenslide.so.0: cannot open shared object file: No such file or directory
2026-06-19 22:21:59 [ERROR] [slide_H&E_1] FAILED: libopenslide.so.0: cannot open shared object file: No such file or directory
2026-06-19 22:21:59 [ERROR] [slide_H&E_0] FAILED: libopenslide.so.0: cannot open shared object file: No such file or directory
2026-06-19 22:21:59 [ERROR] [slide_H&E_1] FAILED: libopenslide.so.0: cannot open shared object file: No such file or directory
2026-06-19 22:21:59 [ERROR] [slide_H&E_2] FAILED: libopenslide.so.0: cannot open shared object file: No such file or directory
2026-06-19 22:21:59 [ERROR] [slide_H&E_3] FAILED: libopenslide.so.0: cannot open shared object file: No such file or directory
2026-06-19 22:21:59 [ERROR] [slide_H&E_4] FAILED: libopenslide.so.0: cannot open shared object file: No such file or directory
2026-06-19 22:21:59 [ERROR] [slide_H&E_0] FAILED: libopenslide.so.0: cannot open shared object file: No such file or directory
2026-06-19 22:21:59 [ERROR] [slide_H&E_1] FAILED: libopenslide.so.0: cannot open shared object file: No such file or directory
2026-06-19 22:21:59 [ERROR] [slide_H&E_2] FAILED: libopenslide.so.0: cannot open shared object file: No such file or directory
2026-06-19 22:21:59 [ERROR] [slide_H&E_3] FAILED: libopenslide.so.0: cannot open shared object file: No such file or directory
2026-06-19 22:21:59 [ERROR] [slide_H&E_4] FAILED: libopenslide.so.0: cannot open shared object file: No such file or directory
2026-06-19 22:21:59 [ERROR] [slide_H&E_5] FAILED: libopenslide.so.0: cannot open shared object file: No such file or directory
2026-06-19 22:21:59 [ERROR] [slide_H&E_6] FAILED: libopenslide.so.0: cannot open shared object file: No such file or directory
2026-06-19 22:21:59 [ERROR] [slide_H&E_0] FAILED: libopenslide.so.0: cannot open shared object file: No such file or directory
2026-06-19 22:21:59 [ERROR] [slide_H&E_0] FAILED: libopenslide.so.0: cannot open shared object file: No such file or directory
2026-06-19 22:21:59 [ERROR] [slide_H&E_1] FAILED: libopenslide.so.0: cannot open shared object file: No such file or directory
2026-06-19 22:21:59 [ERROR] [slide_H&E_0] FAILED: libopenslide.so.0: cannot open shared object file: No such file or directory
2026-06-19 22:21:59 [ERROR] [slide_H&E_1] FAILED: libopenslide.so.0: cannot open shared object file: No such file or directory
2026-06-19 22:21:59 [ERROR] [slide_H&E_2] FAILED: libopenslide.so.0: cannot open shared object file: No such file or directory
2026-06-19 22:21:59 [ERROR] [slide_H&E_3] FAILED: libopenslide.so.0: cannot open shared object file: No such file or directory
2026-06-19 22:21:59 [ERROR] [slide_H&E_4] FAILED: libopenslide.so.0: cannot open shared object file: No such file or directory
2026-06-19 22:21:59 [ERROR] [slide_H&E_5] FAILED: libopenslide.so.0: cannot open shared object file: No such file or directory
2026-06-19 22:21:59 [ERROR] [slide_H&E_6] FAILED: libopenslide.so.0: cannot open shared object file: No such file or directory
2026-06-19 22:21:59 [ERROR] [slide_H&E_7] FAILED: libopenslide.so.0: cannot open shared object file: No such file or directory
2026-06-19 22:21:59 [ERROR] [slide_H&E_0] FAILED: libopenslide.so.0: cannot open shared object file: No such file or directory
2026-06-19 22:21:59 [ERROR] [slide_H&E_1] FAILED: libopenslide.so.0: cannot open shared object file: No such file or directory
2026-06-19 22:21:59 [ERROR] [slide_H&E_2] FAILED: libopenslide.so.0: cannot open shared object file: No such file or directory
2026-06-19 22:21:59 [ERROR] [slide_H&E_3] FAILED: libopenslide.so.0: cannot open shared object file: No such file or directory
2026-06-19 22:21:59 [ERROR] [slide_H&E_0] FAILED: libopenslide.so.0: cannot open shared object file: No such file or directory
2026-06-19 22:21:59 [ERROR] [slide_H&E_1] FAILED: libopenslide.so.0: cannot open shared object file: No such file or directory
2026-06-19 22:21:59 [ERROR] [slide_H&E_0] FAILED: libopenslide.so.0: cannot open shared object file: No such file or directory
2026-06-19 22:21:59 [ERROR] [slide_H&E_1] FAILED: libopenslide.so.0: cannot open shared object file: No such file or directory
2026-06-19 22:21:59 [ERROR] [slide_H&E_0] FAILED: libopenslide.so.0: cannot open shared object file: No such file or directory
2026-06-19 22:21:59 [ERROR] [slide_H&E_1] FAILED: libopenslide.so.0: cannot open shared object file: No such file or directory
2026-06-19 22:21:59 [ERROR] [slide_H&E_2] FAILED: libopenslide.so.0: cannot open shared object file: No such file or directory
2026-06-19 22:21:59 [ERROR] [slide_H&E_3] FAILED: libopenslide.so.0: cannot open shared object file: No such file or directory
2026-06-19 22:21:59 [ERROR] [slide_H&E_0] FAILED: libopenslide.so.0: cannot open shared object file: No such file or directory
2026-06-19 22:21:59 [ERROR] [slide_H&E_0] FAILED: libopenslide.so.0: cannot open shared object file: No such file or directory
2026-06-19 22:21:59 [ERROR] [slide_H&E_1] FAILED: libopenslide.so.0: cannot open shared object file: No such file or directory
2026-06-19 22:21:59 [ERROR] [slide_H&E_2] FAILED: libopenslide.so.0: cannot open shared object file: No such file or directory
2026-06-19 22:21:59 [ERROR] [slide_H&E_0] FAILED: libopenslide.so.0: cannot open shared object file: No such file or directory
2026-06-19 22:21:59 [ERROR] [slide_H&E_1] FAILED: libopenslide.so.0: cannot open shared object file: No such file or directory
2026-06-19 22:21:59 [ERROR] [slide_H&E_2] FAILED: libopenslide.so.0: cannot open shared object file: No such file or directory
2026-06-19 22:21:59 [ERROR] [slide_H&E_3] FAILED: libopenslide.so.0: cannot open shared object file: No such file or directory
2026-06-19 22:21:59 [ERROR] [slide_H&E_4] FAILED: libopenslide.so.0: cannot open shared object file: No such file or directory
2026-06-19 22:21:59 [ERROR] [slide_H&E_5] FAILED: libopenslide.so.0: cannot open shared object file: No such file or directory
2026-06-19 22:21:59 [ERROR] [slide_H&E_6] FAILED: libopenslide.so.0: cannot open shared object file: No such file or directory
2026-06-19 22:21:59 [ERROR] [slide_H&E_0] FAILED: libopenslide.so.0: cannot open shared object file: No such file or directory
2026-06-19 22:21:59 [ERROR] [slide_H&E_1] FAILED: libopenslide.so.0: cannot open shared object file: No such file or directory
2026-06-19 22:21:59 [ERROR] [slide_H&E_0] FAILED: libopenslide.so.0: cannot open shared object file: No such file or directory
2026-06-19 22:21:59 [ERROR] [slide_H&E_0] FAILED: libopenslide.so.0: cannot open shared object file: No such file or directory
2026-06-19 22:21:59 [ERROR] [slide_H&E_1] FAILED: libopenslide.so.0: cannot open shared object file: No such file or directory
2026-06-19 22:21:59 [ERROR] [slide_H&E_2] FAILED: libopenslide.so.0: cannot open shared object file: No such file or directory
2026-06-19 22:21:59 [ERROR] [slide_H&E_0] FAILED: libopenslide.so.0: cannot open shared object file: No such file or directory
2026-06-19 22:21:59 [ERROR] [slide_H&E_0] FAILED: libopenslide.so.0: cannot open shared object file: No such file or directory
2026-06-19 22:21:59 [ERROR] [slide_H&E_0] FAILED: libopenslide.so.0: cannot open shared object file: No such file or directory
2026-06-19 22:21:59 [ERROR] [slide_H&E_0] FAILED: libopenslide.so.0: cannot open shared object file: No such file or directory
2026-06-19 22:21:59 [ERROR] [slide_H&E_0] FAILED: libopenslide.so.0: cannot open shared object file: No such file or directory
2026-06-19 22:21:59 [ERROR] [slide_H&E_1] FAILED: libopenslide.so.0: cannot open shared object file: No such file or directory
2026-06-19 22:21:59 [ERROR] [slide_H&E_2] FAILED: libopenslide.so.0: cannot open shared object file: No such file or directory
2026-06-19 22:21:59 [ERROR] [slide_H&E_0] FAILED: libopenslide.so.0: cannot open shared object file: No such file or directory
2026-06-19 22:21:59 [ERROR] [slide_H&E_1] FAILED: libopenslide.so.0: cannot open shared object file: No such file or directory
2026-06-19 22:21:59 [ERROR] [slide_H&E_2] FAILED: libopenslide.so.0: cannot open shared object file: No such file or directory
2026-06-19 22:21:59 [ERROR] [slide_H&E_3] FAILED: libopenslide.so.0: cannot open shared object file: No such file or directory
2026-06-19 22:21:59 [ERROR] [slide_H&E_0] FAILED: libopenslide.so.0: cannot open shared object file: No such file or directory
2026-06-19 22:21:59 [ERROR] [slide_H&E_1] FAILED: libopenslide.so.0: cannot open shared object file: No such file or directory
2026-06-19 22:21:59 [ERROR] [slide_H&E_2] FAILED: libopenslide.so.0: cannot open shared object file: No such file or directory
2026-06-19 22:21:59 [ERROR] [slide_H&E_3] FAILED: libopenslide.so.0: cannot open shared object file: No such file or directory
2026-06-19 22:21:59 [ERROR] [slide_H&E_4] FAILED: libopenslide.so.0: cannot open shared object file: No such file or directory
2026-06-19 22:21:59 [ERROR] [slide_H&E_5] FAILED: libopenslide.so.0: cannot open shared object file: No such file or directory
2026-06-19 22:21:59 [ERROR] [slide_H&E_6] FAILED: libopenslide.so.0: cannot open shared object file: No such file or directory
2026-06-19 22:21:59 [ERROR] [slide_H&E_7] FAILED: libopenslide.so.0: cannot open shared object file: No such file or directory
2026-06-19 22:21:59 [ERROR] [slide_H&E_0] FAILED: libopenslide.so.0: cannot open shared object file: No such file or directory
2026-06-19 22:21:59 [ERROR] [slide_H&E_0] FAILED: libopenslide.so.0: cannot open shared object file: No such file or directory
2026-06-19 22:21:59 [ERROR] [slide_H&E_0] FAILED: libopenslide.so.0: cannot open shared object file: No such file or directory
2026-06-19 22:21:59 [ERROR] [slide_H&E_1] FAILED: libopenslide.so.0: cannot open shared object file: No such file or directory
2026-06-19 22:21:59 [ERROR] [slide_H&E_2] FAILED: libopenslide.so.0: cannot open shared object file: No such file or directory
2026-06-19 22:21:59 [ERROR] [slide_H&E_3] FAILED: libopenslide.so.0: cannot open shared object file: No such file or directory
2026-06-19 22:21:59 [ERROR] [slide_H&E_4] FAILED: libopenslide.so.0: cannot open shared object file: No such file or directory
2026-06-19 22:21:59 [ERROR] [slide_H&E_0] FAILED: libopenslide.so.0: cannot open shared object file: No such file or directory
2026-06-19 22:21:59 [ERROR] [slide_H&E_0] FAILED: libopenslide.so.0: cannot open shared object file: No such file or directory
2026-06-19 22:21:59 [ERROR] [slide_H&E_1] FAILED: libopenslide.so.0: cannot open shared object file: No such file or directory
2026-06-19 22:21:59 [ERROR] [slide_H&E_2] FAILED: libopenslide.so.0: cannot open shared object file: No such file or directory
2026-06-19 22:21:59 [ERROR] [slide_H&E_0] FAILED: libopenslide.so.0: cannot open shared object file: No such file or directory
2026-06-19 22:21:59 [ERROR] [slide_H&E_1] FAILED: libopenslide.so.0: cannot open shared object file: No such file or directory
2026-06-19 22:21:59 [ERROR] [slide_H&E_2] FAILED: libopenslide.so.0: cannot open shared object file: No such file or directory
2026-06-19 22:21:59 [ERROR] [slide_H&E_3] FAILED: libopenslide.so.0: cannot open shared object file: No such file or directory
2026-06-19 22:21:59 [ERROR] [slide_H&E_4] FAILED: libopenslide.so.0: cannot open shared object file: No such file or directory
2026-06-19 22:21:59 [ERROR] [slide_H&E_0] FAILED: libopenslide.so.0: cannot open shared object file: No such file or directory
2026-06-19 22:21:59 [ERROR] [slide_H&E_1] FAILED: libopenslide.so.0: cannot open shared object file: No such file or directory
2026-06-19 22:21:59 [ERROR] [slide_H&E_2] FAILED: libopenslide.so.0: cannot open shared object file: No such file or directory
2026-06-19 22:21:59 [ERROR] [slide_H&E_3] FAILED: libopenslide.so.0: cannot open shared object file: No such file or directory
2026-06-19 22:21:59 [ERROR] [slide_H&E_0] FAILED: libopenslide.so.0: cannot open shared object file: No such file or directory
2026-06-19 22:21:59 [ERROR] [slide_H&E_1] FAILED: libopenslide.so.0: cannot open shared object file: No such file or directory
2026-06-19 22:21:59 [ERROR] [slide_H&E_2] FAILED: libopenslide.so.0: cannot open shared object file: No such file or directory
2026-06-19 22:21:59 [ERROR] [slide_H&E_0] FAILED: libopenslide.so.0: cannot open shared object file: No such file or directory
2026-06-19 22:21:59 [ERROR] [slide_H&E_0] FAILED: libopenslide.so.0: cannot open shared object file: No such file or directory
2026-06-19 22:21:59 [ERROR] [slide_H&E_0] FAILED: libopenslide.so.0: cannot open shared object file: No such file or directory
2026-06-19 22:21:59 [ERROR] [slide_H&E_1] FAILED: libopenslide.so.0: cannot open shared object file: No such file or directory
2026-06-19 22:21:59 [ERROR] [slide_H&E_0] FAILED: libopenslide.so.0: cannot open shared object file: No such file or directory
2026-06-19 22:21:59 [ERROR] [slide_H&E_0] FAILED: libopenslide.so.0: cannot open shared object file: No such file or directory
2026-06-19 22:21:59 [ERROR] [slide_H&E_1] FAILED: libopenslide.so.0: cannot open shared object file: No such file or directory
2026-06-19 22:21:59 [ERROR] [slide_H&E_2] FAILED: libopenslide.so.0: cannot open shared object file: No such file or directory
2026-06-19 22:21:59 [ERROR] [slide_H&E_3] FAILED: libopenslide.so.0: cannot open shared object file: No such file or directory
2026-06-19 22:21:59 [ERROR] [slide_H&E_4] FAILED: libopenslide.so.0: cannot open shared object file: No such file or directory
2026-06-19 22:21:59 [ERROR] [slide_H&E_0] FAILED: libopenslide.so.0: cannot open shared object file: No such file or directory
2026-06-19 22:21:59 [ERROR] [slide_H&E_1] FAILED: libopenslide.so.0: cannot open shared object file: No such file or directory
2026-06-19 22:21:59 [ERROR] [slide_H&E_2] FAILED: libopenslide.so.0: cannot open shared object file: No such file or directory
2026-06-19 22:21:59 [ERROR] [slide_H&E_3] FAILED: libopenslide.so.0: cannot open shared object file: No such file or directory
2026-06-19 22:21:59 [ERROR] [slide_H&E_4] FAILED: libopenslide.so.0: cannot open shared object file: No such file or directory
2026-06-19 22:21:59 [ERROR] [slide_H&E_0] FAILED: libopenslide.so.0: cannot open shared object file: No such file or directory
2026-06-19 22:21:59 [ERROR] [slide_H&E_0] FAILED: libopenslide.so.0: cannot open shared object file: No such file or directory
2026-06-19 22:21:59 [ERROR] [slide_H&E_1] FAILED: libopenslide.so.0: cannot open shared object file: No such file or directory
2026-06-19 22:21:59 [ERROR] [slide_H&E_0] FAILED: libopenslide.so.0: cannot open shared object file: No such file or directory
2026-06-19 22:21:59 [ERROR] [slide_H&E_1] FAILED: libopenslide.so.0: cannot open shared object file: No such file or directory
2026-06-19 22:21:59 [ERROR] [slide_H&E_2] FAILED: libopenslide.so.0: cannot open shared object file: No such file or directory
2026-06-19 22:21:59 [ERROR] [slide_H&E_3] FAILED: libopenslide.so.0: cannot open shared object file: No such file or directory
2026-06-19 22:21:59 [ERROR] [slide_H&E_4] FAILED: libopenslide.so.0: cannot open shared object file: No such file or directory
2026-06-19 22:21:59 [ERROR] [slide_H&E_0] FAILED: libopenslide.so.0: cannot open shared object file: No such file or directory
2026-06-19 22:21:59 [ERROR] [slide_H&E_0] FAILED: libopenslide.so.0: cannot open shared object file: No such file or directory
2026-06-19 22:21:59 [ERROR] [slide_H&E_0] FAILED: libopenslide.so.0: cannot open shared object file: No such file or directory
2026-06-19 22:21:59 [ERROR] [slide_H&E_0] FAILED: libopenslide.so.0: cannot open shared object file: No such file or directory
2026-06-19 22:21:59 [ERROR] [slide_H&E_1] FAILED: libopenslide.so.0: cannot open shared object file: No such file or directory
2026-06-19 22:21:59 [ERROR] [slide_H&E_0] FAILED: libopenslide.so.0: cannot open shared object file: No such file or directory
2026-06-19 22:21:59 [ERROR] [slide_H&E_1] FAILED: libopenslide.so.0: cannot open shared object file: No such file or directory
2026-06-19 22:21:59 [ERROR] [slide_H&E_2] FAILED: libopenslide.so.0: cannot open shared object file: No such file or directory
2026-06-19 22:21:59 [ERROR] [slide_H&E_3] FAILED: libopenslide.so.0: cannot open shared object file: No such file or directory
2026-06-19 22:21:59 [ERROR] [slide_H&E_4] FAILED: libopenslide.so.0: cannot open shared object file: No such file or directory
2026-06-19 22:21:59 [ERROR] [slide_H&E_5] FAILED: libopenslide.so.0: cannot open shared object file: No such file or directory
2026-06-19 22:21:59 [ERROR] [slide_H&E_6] FAILED: libopenslide.so.0: cannot open shared object file: No such file or directory
2026-06-19 22:21:59 [ERROR] [slide_H&E_0] FAILED: libopenslide.so.0: cannot open shared object file: No such file or directory
2026-06-19 22:21:59 [ERROR] [slide_H&E_1] FAILED: libopenslide.so.0: cannot open shared object file: No such file or directory
2026-06-19 22:21:59 [ERROR] [slide_H&E_0] FAILED: libopenslide.so.0: cannot open shared object file: No such file or directory
2026-06-19 22:21:59 [ERROR] [slide_H&E_0] FAILED: libopenslide.so.0: cannot open shared object file: No such file or directory
2026-06-19 22:21:59 [ERROR] [slide_H&E_1] FAILED: libopenslide.so.0: cannot open shared object file: No such file or directory
2026-06-19 22:21:59 [ERROR] [slide_H&E_2] FAILED: libopenslide.so.0: cannot open shared object file: No such file or directory
2026-06-19 22:21:59 [ERROR] [slide_H&E_3] FAILED: libopenslide.so.0: cannot open shared object file: No such file or directory
2026-06-19 22:21:59 [ERROR] [slide_H&E_0] FAILED: libopenslide.so.0: cannot open shared object file: No such file or directory
2026-06-19 22:21:59 [ERROR] [slide_H&E_1] FAILED: libopenslide.so.0: cannot open shared object file: No such file or directory
2026-06-19 22:21:59 [ERROR] [slide_H&E_0] FAILED: libopenslide.so.0: cannot open shared object file: No such file or directory
2026-06-19 22:21:59 [ERROR] [slide_H&E_0] FAILED: libopenslide.so.0: cannot open shared object file: No such file or directory
2026-06-19 22:21:59 [ERROR] [slide_H&E_1] FAILED: libopenslide.so.0: cannot open shared object file: No such file or directory
2026-06-19 22:21:59 [ERROR] [slide_H&E_0] FAILED: libopenslide.so.0: cannot open shared object file: No such file or directory
2026-06-19 22:21:59 [ERROR] [slide_H&E_1] FAILED: libopenslide.so.0: cannot open shared object file: No such file or directory
2026-06-19 22:21:59 [ERROR] [slide_H&E_2] FAILED: libopenslide.so.0: cannot open shared object file: No such file or directory
2026-06-19 22:21:59 [ERROR] [slide_H&E_0] FAILED: libopenslide.so.0: cannot open shared object file: No such file or directory
2026-06-19 22:21:59 [ERROR] [slide_H&E_1] FAILED: libopenslide.so.0: cannot open shared object file: No such file or directory
2026-06-19 22:21:59 [ERROR] [slide_H&E_0] FAILED: libopenslide.so.0: cannot open shared object file: No such file or directory
2026-06-19 22:21:59 [ERROR] [slide_H&E_0] FAILED: libopenslide.so.0: cannot open shared object file: No such file or directory
2026-06-19 22:21:59 [ERROR] [slide_H&E_1] FAILED: libopenslide.so.0: cannot open shared object file: No such file or directory
2026-06-19 22:21:59 [ERROR] [slide_H&E_2] FAILED: libopenslide.so.0: cannot open shared object file: No such file or directory
2026-06-19 22:21:59 [ERROR] [slide_H&E_3] FAILED: libopenslide.so.0: cannot open shared object file: No such file or directory
2026-06-19 22:21:59 [ERROR] [slide_H&E_0] FAILED: libopenslide.so.0: cannot open shared object file: No such file or directory
2026-06-19 22:21:59 [ERROR] [slide_H&E_0] FAILED: libopenslide.so.0: cannot open shared object file: No such file or directory
2026-06-19 22:21:59 [ERROR] [slide_H&E_1] FAILED: libopenslide.so.0: cannot open shared object file: No such file or directory
2026-06-19 22:21:59 [ERROR] [slide_H&E_0] FAILED: libopenslide.so.0: cannot open shared object file: No such file or directory
2026-06-19 22:21:59 [ERROR] [slide_H&E_0] FAILED: libopenslide.so.0: cannot open shared object file: No such file or directory
2026-06-19 22:21:59 [ERROR] [slide_H&E_0] FAILED: libopenslide.so.0: cannot open shared object file: No such file or directory
2026-06-19 22:21:59 [ERROR] [slide_H&E_0] FAILED: libopenslide.so.0: cannot open shared object file: No such file or directory
2026-06-19 22:21:59 [ERROR] [slide_H&E_0] FAILED: libopenslide.so.0: cannot open shared object file: No such file or directory
2026-06-19 22:21:59 [ERROR] [slide_H&E_0] FAILED: libopenslide.so.0: cannot open shared object file: No such file or directory
2026-06-19 22:21:59 [ERROR] [slide_H&E_0] FAILED: libopenslide.so.0: cannot open shared object file: No such file or directory
2026-06-19 22:21:59 [ERROR] [slide_H&E_1] FAILED: libopenslide.so.0: cannot open shared object file: No such file or directory
2026-06-19 22:21:59 [ERROR] [slide_H&E_0] FAILED: libopenslide.so.0: cannot open shared object file: No such file or directory
2026-06-19 22:21:59 [ERROR] [slide_H&E_0] FAILED: libopenslide.so.0: cannot open shared object file: No such file or directory
2026-06-19 22:21:59 [ERROR] [slide_H&E_1] FAILED: libopenslide.so.0: cannot open shared object file: No such file or directory
2026-06-19 22:21:59 [ERROR] [slide_H&E_2] FAILED: libopenslide.so.0: cannot open shared object file: No such file or directory
2026-06-19 22:21:59 [ERROR] [slide_H&E_3] FAILED: libopenslide.so.0: cannot open shared object file: No such file or directory
2026-06-19 22:21:59 [ERROR] [slide_H&E_4] FAILED: libopenslide.so.0: cannot open shared object file: No such file or directory
2026-06-19 22:21:59 [ERROR] [slide_H&E_5] FAILED: libopenslide.so.0: cannot open shared object file: No such file or directory
2026-06-19 22:21:59 [ERROR] [slide_H&E_0] FAILED: libopenslide.so.0: cannot open shared object file: No such file or directory
2026-06-19 22:21:59 [ERROR] [slide_H&E_1] FAILED: libopenslide.so.0: cannot open shared object file: No such file or directory
2026-06-19 22:21:59 [ERROR] [slide_H&E_2] FAILED: libopenslide.so.0: cannot open shared object file: No such file or directory
2026-06-19 22:21:59 [ERROR] [slide_H&E_0] FAILED: libopenslide.so.0: cannot open shared object file: No such file or directory
2026-06-19 22:21:59 [ERROR] [slide_H&E_1] FAILED: libopenslide.so.0: cannot open shared object file: No such file or directory
2026-06-19 22:21:59 [ERROR] [slide_H&E_0] FAILED: libopenslide.so.0: cannot open shared object file: No such file or directory
2026-06-19 22:21:59 [ERROR] [slide_H&E_1] FAILED: libopenslide.so.0: cannot open shared object file: No such file or directory
2026-06-19 22:21:59 [ERROR] [slide_H&E_2] FAILED: libopenslide.so.0: cannot open shared object file: No such file or directory
2026-06-19 22:21:59 [ERROR] [slide_H&E_3] FAILED: libopenslide.so.0: cannot open shared object file: No such file or directory
2026-06-19 22:21:59 [ERROR] [slide_H&E_4] FAILED: libopenslide.so.0: cannot open shared object file: No such file or directory
2026-06-19 22:21:59 [ERROR] [slide_H&E_0] FAILED: libopenslide.so.0: cannot open shared object file: No such file or directory
2026-06-19 22:21:59 [ERROR] [slide_H&E_0] FAILED: libopenslide.so.0: cannot open shared object file: No such file or directory
2026-06-19 22:21:59 [ERROR] [slide_H&E_1] FAILED: libopenslide.so.0: cannot open shared object file: No such file or directory
2026-06-19 22:21:59 [ERROR] [slide_H&E_2] FAILED: libopenslide.so.0: cannot open shared object file: No such file or directory
2026-06-19 22:21:59 [ERROR] [slide_H&E_3] FAILED: libopenslide.so.0: cannot open shared object file: No such file or directory
2026-06-19 22:21:59 [ERROR] [slide_H&E_4] FAILED: libopenslide.so.0: cannot open shared object file: No such file or directory
2026-06-19 22:21:59 [ERROR] [slide_H&E_0] FAILED: libopenslide.so.0: cannot open shared object file: No such file or directory
2026-06-19 22:21:59 [ERROR] [slide_H&E_0] FAILED: libopenslide.so.0: cannot open shared object file: No such file or directory
2026-06-19 22:21:59 [ERROR] [slide_H&E_0] FAILED: libopenslide.so.0: cannot open shared object file: No such file or directory
2026-06-19 22:21:59 [ERROR] [slide_H&E_0] FAILED: libopenslide.so.0: cannot open shared object file: No such file or directory
2026-06-19 22:21:59 [ERROR] [slide_H&E_1] FAILED: libopenslide.so.0: cannot open shared object file: No such file or directory
2026-06-19 22:21:59 [ERROR] [slide_H&E_2] FAILED: libopenslide.so.0: cannot open shared object file: No such file or directory
2026-06-19 22:21:59 [ERROR] [slide_H&E_3] FAILED: libopenslide.so.0: cannot open shared object file: No such file or directory
2026-06-19 22:21:59 [ERROR] [slide_H&E_4] FAILED: libopenslide.so.0: cannot open shared object file: No such file or directory
2026-06-19 22:21:59 [ERROR] [slide_H&E_5] FAILED: libopenslide.so.0: cannot open shared object file: No such file or directory
2026-06-19 22:21:59 [ERROR] [slide_H&E_6] FAILED: libopenslide.so.0: cannot open shared object file: No such file or directory
2026-06-19 22:21:59 [ERROR] [slide_H&E_0] FAILED: libopenslide.so.0: cannot open shared object file: No such file or directory
2026-06-19 22:21:59 [ERROR] [slide_H&E_1] FAILED: libopenslide.so.0: cannot open shared object file: No such file or directory
2026-06-19 22:21:59 [ERROR] [slide_H&E_10] FAILED: libopenslide.so.0: cannot open shared object file: No such file or directory
2026-06-19 22:21:59 [ERROR] [slide_H&E_11] FAILED: libopenslide.so.0: cannot open shared object file: No such file or directory
2026-06-19 22:21:59 [ERROR] [slide_H&E_12] FAILED: libopenslide.so.0: cannot open shared object file: No such file or directory
2026-06-19 22:21:59 [ERROR] [slide_H&E_13] FAILED: libopenslide.so.0: cannot open shared object file: No such file or directory
2026-06-19 22:21:59 [ERROR] [slide_H&E_14] FAILED: libopenslide.so.0: cannot open shared object file: No such file or directory
2026-06-19 22:21:59 [ERROR] [slide_H&E_15] FAILED: libopenslide.so.0: cannot open shared object file: No such file or directory
2026-06-19 22:21:59 [ERROR] [slide_H&E_16] FAILED: libopenslide.so.0: cannot open shared object file: No such file or directory
2026-06-19 22:21:59 [ERROR] [slide_H&E_2] FAILED: libopenslide.so.0: cannot open shared object file: No such file or directory
2026-06-19 22:21:59 [ERROR] [slide_H&E_3] FAILED: libopenslide.so.0: cannot open shared object file: No such file or directory
2026-06-19 22:21:59 [ERROR] [slide_H&E_4] FAILED: libopenslide.so.0: cannot open shared object file: No such file or directory
2026-06-19 22:21:59 [ERROR] [slide_H&E_5] FAILED: libopenslide.so.0: cannot open shared object file: No such file or directory
2026-06-19 22:21:59 [ERROR] [slide_H&E_6] FAILED: libopenslide.so.0: cannot open shared object file: No such file or directory
2026-06-19 22:21:59 [ERROR] [slide_H&E_7] FAILED: libopenslide.so.0: cannot open shared object file: No such file or directory
2026-06-19 22:21:59 [ERROR] [slide_H&E_8] FAILED: libopenslide.so.0: cannot open shared object file: No such file or directory
2026-06-19 22:21:59 [ERROR] [slide_H&E_9] FAILED: libopenslide.so.0: cannot open shared object file: No such file or directory
2026-06-19 22:21:59 [ERROR] [slide_H&E_0] FAILED: libopenslide.so.0: cannot open shared object file: No such file or directory
2026-06-19 22:21:59 [ERROR] [slide_H&E_1] FAILED: libopenslide.so.0: cannot open shared object file: No such file or directory
2026-06-19 22:21:59 [ERROR] [slide_H&E_2] FAILED: libopenslide.so.0: cannot open shared object file: No such file or directory
2026-06-19 22:21:59 [ERROR] [slide_H&E_3] FAILED: libopenslide.so.0: cannot open shared object file: No such file or directory
2026-06-19 22:21:59 [ERROR] [slide_H&E_4] FAILED: libopenslide.so.0: cannot open shared object file: No such file or directory
2026-06-19 22:21:59 [ERROR] [slide_H&E_0] FAILED: libopenslide.so.0: cannot open shared object file: No such file or directory
2026-06-19 22:21:59 [ERROR] [slide_H&E_0] FAILED: libopenslide.so.0: cannot open shared object file: No such file or directory
2026-06-19 22:21:59 [ERROR] [slide_H&E_0] FAILED: libopenslide.so.0: cannot open shared object file: No such file or directory
2026-06-19 22:21:59 [ERROR] [slide_H&E_1] FAILED: libopenslide.so.0: cannot open shared object file: No such file or directory
2026-06-19 22:21:59 [ERROR] [slide_H&E_0] FAILED: libopenslide.so.0: cannot open shared object file: No such file or directory
2026-06-19 22:21:59 [ERROR] [slide_H&E_1] FAILED: libopenslide.so.0: cannot open shared object file: No such file or directory
2026-06-19 22:21:59 [ERROR] [slide_H&E_2] FAILED: libopenslide.so.0: cannot open shared object file: No such file or directory
2026-06-19 22:21:59 [ERROR] [slide_H&E_0] FAILED: libopenslide.so.0: cannot open shared object file: No such file or directory
2026-06-19 22:21:59 [ERROR] [slide_H&E_0] FAILED: libopenslide.so.0: cannot open shared object file: No such file or directory
2026-06-19 22:21:59 [ERROR] [slide_H&E_0] FAILED: libopenslide.so.0: cannot open shared object file: No such file or directory
2026-06-19 22:21:59 [ERROR] [slide_H&E_0] FAILED: libopenslide.so.0: cannot open shared object file: No such file or directory
2026-06-19 22:21:59 [ERROR] [slide_H&E_1] FAILED: libopenslide.so.0: cannot open shared object file: No such file or directory
2026-06-19 22:21:59 [ERROR] [slide_H&E_10] FAILED: libopenslide.so.0: cannot open shared object file: No such file or directory
2026-06-19 22:21:59 [ERROR] [slide_H&E_2] FAILED: libopenslide.so.0: cannot open shared object file: No such file or directory
2026-06-19 22:21:59 [ERROR] [slide_H&E_3] FAILED: libopenslide.so.0: cannot open shared object file: No such file or directory
2026-06-19 22:21:59 [ERROR] [slide_H&E_4] FAILED: libopenslide.so.0: cannot open shared object file: No such file or directory
2026-06-19 22:21:59 [ERROR] [slide_H&E_5] FAILED: libopenslide.so.0: cannot open shared object file: No such file or directory
2026-06-19 22:21:59 [ERROR] [slide_H&E_6] FAILED: libopenslide.so.0: cannot open shared object file: No such file or directory
2026-06-19 22:21:59 [ERROR] [slide_H&E_7] FAILED: libopenslide.so.0: cannot open shared object file: No such file or directory
2026-06-19 22:21:59 [ERROR] [slide_H&E_8] FAILED: libopenslide.so.0: cannot open shared object file: No such file or directory
2026-06-19 22:21:59 [ERROR] [slide_H&E_9] FAILED: libopenslide.so.0: cannot open shared object file: No such file or directory
2026-06-19 22:21:59 [ERROR] [slide_H&E_0] FAILED: libopenslide.so.0: cannot open shared object file: No such file or directory
2026-06-19 22:21:59 [ERROR] [slide_H&E_1] FAILED: libopenslide.so.0: cannot open shared object file: No such file or directory
2026-06-19 22:21:59 [ERROR] [slide_H&E_2] FAILED: libopenslide.so.0: cannot open shared object file: No such file or directory
2026-06-19 22:21:59 [ERROR] [slide_H&E_0] FAILED: libopenslide.so.0: cannot open shared object file: No such file or directory
2026-06-19 22:21:59 [ERROR] [slide_H&E_1] FAILED: libopenslide.so.0: cannot open shared object file: No such file or directory
2026-06-19 22:21:59 [ERROR] [slide_H&E_2] FAILED: libopenslide.so.0: cannot open shared object file: No such file or directory
2026-06-19 22:21:59 [ERROR] [slide_H&E_3] FAILED: libopenslide.so.0: cannot open shared object file: No such file or directory
2026-06-19 22:21:59 [ERROR] [slide_H&E_0] FAILED: libopenslide.so.0: cannot open shared object file: No such file or directory
2026-06-19 22:21:59 [ERROR] [slide_H&E_0] FAILED: libopenslide.so.0: cannot open shared object file: No such file or directory
2026-06-19 22:21:59 [ERROR] [slide_H&E_0] FAILED: libopenslide.so.0: cannot open shared object file: No such file or directory
2026-06-19 22:21:59 [ERROR] [slide_H&E_0] FAILED: libopenslide.so.0: cannot open shared object file: No such file or directory
2026-06-19 22:21:59 [ERROR] [slide_H&E_0] FAILED: libopenslide.so.0: cannot open shared object file: No such file or directory
2026-06-19 22:21:59 [ERROR] [slide_H&E_0] FAILED: libopenslide.so.0: cannot open shared object file: No such file or directory
2026-06-19 22:21:59 [ERROR] [slide_H&E_0] FAILED: libopenslide.so.0: cannot open shared object file: No such file or directory
2026-06-19 22:21:59 [ERROR] [slide_H&E_0] FAILED: libopenslide.so.0: cannot open shared object file: No such file or directory
2026-06-19 22:21:59 [ERROR] [slide_H&E_0] FAILED: libopenslide.so.0: cannot open shared object file: No such file or directory
2026-06-19 22:21:59 [ERROR] [slide_H&E_0] FAILED: libopenslide.so.0: cannot open shared object file: No such file or directory
2026-06-19 22:21:59 [ERROR] [slide_H&E_0] FAILED: libopenslide.so.0: cannot open shared object file: No such file or directory
2026-06-19 22:21:59 [ERROR] [slide_H&E_0] FAILED: libopenslide.so.0: cannot open shared object file: No such file or directory
2026-06-19 22:21:59 [ERROR] [slide_H&E_0] FAILED: libopenslide.so.0: cannot open shared object file: No such file or directory
2026-06-19 22:21:59 [ERROR] [slide_H&E_0] FAILED: libopenslide.so.0: cannot open shared object file: No such file or directory
2026-06-19 22:21:59 [ERROR] [slide_H&E_0] FAILED: libopenslide.so.0: cannot open shared object file: No such file or directory
2026-06-19 22:21:59 [ERROR] [slide_H&E_0] FAILED: libopenslide.so.0: cannot open shared object file: No such file or directory
2026-06-19 22:21:59 [ERROR] [slide_H&E_0] FAILED: libopenslide.so.0: cannot open shared object file: No such file or directory
2026-06-19 22:21:59 [ERROR] [slide_H&E_0] FAILED: libopenslide.so.0: cannot open shared object file: No such file or directory
2026-06-19 22:21:59 [ERROR] [slide_H&E_0] FAILED: libopenslide.so.0: cannot open shared object file: No such file or directory
2026-06-19 22:21:59 [ERROR] [slide_H&E_0] FAILED: libopenslide.so.0: cannot open shared object file: No such file or directory
2026-06-19 22:21:59 [ERROR] [slide_H&E_0] FAILED: libopenslide.so.0: cannot open shared object file: No such file or directory
2026-06-19 22:21:59 [ERROR] [slide_H&E_0] FAILED: libopenslide.so.0: cannot open shared object file: No such file or directory
2026-06-19 22:21:59 [ERROR] [slide_H&E_0] FAILED: libopenslide.so.0: cannot open shared object file: No such file or directory
2026-06-19 22:21:59 [ERROR] [slide_H&E_0] FAILED: libopenslide.so.0: cannot open shared object file: No such file or directory
2026-06-19 22:21:59 [ERROR] [slide_H&E_0] FAILED: libopenslide.so.0: cannot open shared object file: No such file or directory
2026-06-19 22:21:59 [ERROR] [slide_H&E_0] FAILED: libopenslide.so.0: cannot open shared object file: No such file or directory
2026-06-19 22:21:59 [ERROR] [slide_H&E_0] FAILED: libopenslide.so.0: cannot open shared object file: No such file or directory
2026-06-19 22:21:59 [ERROR] [slide_H&E_0] FAILED: libopenslide.so.0: cannot open shared object file: No such file or directory
2026-06-19 22:21:59 [ERROR] [slide_H&E_0] FAILED: libopenslide.so.0: cannot open shared object file: No such file or directory
2026-06-19 22:21:59 [ERROR] [slide_H&E_0] FAILED: libopenslide.so.0: cannot open shared object file: No such file or directory
2026-06-19 22:21:59 [ERROR] [slide_H&E_0] FAILED: libopenslide.so.0: cannot open shared object file: No such file or directory
2026-06-19 22:21:59 [ERROR] [slide_H&E_0] FAILED: libopenslide.so.0: cannot open shared object file: No such file or directory
2026-06-19 22:21:59 [ERROR] [slide_H&E_0] FAILED: libopenslide.so.0: cannot open shared object file: No such file or directory
2026-06-19 22:21:59 [ERROR] [slide_H&E_0] FAILED: libopenslide.so.0: cannot open shared object file: No such file or directory
2026-06-19 22:21:59 [ERROR] [slide_H&E_0] FAILED: libopenslide.so.0: cannot open shared object file: No such file or directory
2026-06-19 22:21:59 [ERROR] [slide_H&E_0] FAILED: libopenslide.so.0: cannot open shared object file: No such file or directory
2026-06-19 22:21:59 [ERROR] [slide_H&E_0] FAILED: libopenslide.so.0: cannot open shared object file: No such file or directory
2026-06-19 22:21:59 [ERROR] [slide_H&E_0] FAILED: libopenslide.so.0: cannot open shared object file: No such file or directory
2026-06-19 22:21:59 [ERROR] [slide_H&E_0] FAILED: libopenslide.so.0: cannot open shared object file: No such file or directory
2026-06-19 22:21:59 [ERROR] [slide_H&E_0] FAILED: libopenslide.so.0: cannot open shared object file: No such file or directory
2026-06-19 22:21:59 [ERROR] [slide_H&E_0] FAILED: libopenslide.so.0: cannot open shared object file: No such file or directory
2026-06-19 22:21:59 [ERROR] [slide_H&E_0] FAILED: libopenslide.so.0: cannot open shared object file: No such file or directory
2026-06-19 22:21:59 [ERROR] [slide_H&E_0] FAILED: libopenslide.so.0: cannot open shared object file: No such file or directory
2026-06-19 22:21:59 [ERROR] [slide_H&E_0] FAILED: libopenslide.so.0: cannot open shared object file: No such file or directory
2026-06-19 22:21:59 [ERROR] [slide_H&E_0] FAILED: libopenslide.so.0: cannot open shared object file: No such file or directory
2026-06-19 22:21:59 [ERROR] [slide_H&E_0] FAILED: libopenslide.so.0: cannot open shared object file: No such file or directory
2026-06-19 22:21:59 [ERROR] [slide_H&E_0] FAILED: libopenslide.so.0: cannot open shared object file: No such file or directory
2026-06-19 22:21:59 [ERROR] [slide_H&E_0] FAILED: libopenslide.so.0: cannot open shared object file: No such file or directory
2026-06-19 22:21:59 [ERROR] [slide_H&E_0] FAILED: libopenslide.so.0: cannot open shared object file: No such file or directory
2026-06-19 22:21:59 [ERROR] [slide_H&E_0] FAILED: libopenslide.so.0: cannot open shared object file: No such file or directory
2026-06-19 22:21:59 [ERROR] [slide_H&E_0] FAILED: libopenslide.so.0: cannot open shared object file: No such file or directory
2026-06-19 22:21:59 [ERROR] [slide_H&E_0] FAILED: libopenslide.so.0: cannot open shared object file: No such file or directory
2026-06-19 22:21:59 [ERROR] [slide_H&E_0] FAILED: libopenslide.so.0: cannot open shared object file: No such file or directory
2026-06-19 22:21:59 [ERROR] [slide_H&E_0] FAILED: libopenslide.so.0: cannot open shared object file: No such file or directory
2026-06-19 22:21:59 [ERROR] [slide_H&E_0] FAILED: libopenslide.so.0: cannot open shared object file: No such file or directory
2026-06-19 22:21:59 [ERROR] [slide_H&E_0] FAILED: libopenslide.so.0: cannot open shared object file: No such file or directory
2026-06-19 22:21:59 [ERROR] [slide_H&E_0] FAILED: libopenslide.so.0: cannot open shared object file: No such file or directory
2026-06-19 22:21:59 [ERROR] [slide_H&E_0] FAILED: libopenslide.so.0: cannot open shared object file: No such file or directory
2026-06-19 22:21:59 [ERROR] [slide_H&E_0] FAILED: libopenslide.so.0: cannot open shared object file: No such file or directory
2026-06-19 22:21:59 [ERROR] [slide_H&E_0] FAILED: libopenslide.so.0: cannot open shared object file: No such file or directory
2026-06-19 22:21:59 [ERROR] [slide_H&E_0] FAILED: libopenslide.so.0: cannot open shared object file: No such file or directory
2026-06-19 22:21:59 [ERROR] [slide_H&E_0] FAILED: libopenslide.so.0: cannot open shared object file: No such file or directory
2026-06-19 22:21:59 [ERROR] [slide_H&E_0] FAILED: libopenslide.so.0: cannot open shared object file: No such file or directory
2026-06-19 22:21:59 [ERROR] [slide_H&E_0] FAILED: libopenslide.so.0: cannot open shared object file: No such file or directory
2026-06-19 22:21:59 [ERROR] [slide_H&E_0] FAILED: libopenslide.so.0: cannot open shared object file: No such file or directory
2026-06-19 22:21:59 [ERROR] [slide_H&E_0] FAILED: libopenslide.so.0: cannot open shared object file: No such file or directory
2026-06-19 22:21:59 [ERROR] [slide_H&E_0] FAILED: libopenslide.so.0: cannot open shared object file: No such file or directory
2026-06-19 22:21:59 [ERROR] [slide_H&E_0] FAILED: libopenslide.so.0: cannot open shared object file: No such file or directory
2026-06-19 22:21:59 [ERROR] [slide_H&E_0] FAILED: libopenslide.so.0: cannot open shared object file: No such file or directory
2026-06-19 22:21:59 [ERROR] [slide_H&E_0] FAILED: libopenslide.so.0: cannot open shared object file: No such file or directory
2026-06-19 22:21:59 [ERROR] [slide_H&E_0] FAILED: libopenslide.so.0: cannot open shared object file: No such file or directory
2026-06-19 22:21:59 [ERROR] [slide_H&E_0] FAILED: libopenslide.so.0: cannot open shared object file: No such file or directory
2026-06-19 22:21:59 [ERROR] [slide_H&E_0] FAILED: libopenslide.so.0: cannot open shared object file: No such file or directory
2026-06-19 22:21:59 [ERROR] [slide_H&E_0] FAILED: libopenslide.so.0: cannot open shared object file: No such file or directory
2026-06-19 22:21:59 [ERROR] [slide_H&E_0] FAILED: libopenslide.so.0: cannot open shared object file: No such file or directory
2026-06-19 22:21:59 [ERROR] [slide_H&E_0] FAILED: libopenslide.so.0: cannot open shared object file: No such file or directory
2026-06-19 22:21:59 [ERROR] [slide_H&E_0] FAILED: libopenslide.so.0: cannot open shared object file: No such file or directory
2026-06-19 22:21:59 [ERROR] [slide_H&E_0] FAILED: libopenslide.so.0: cannot open shared object file: No such file or directory
2026-06-19 22:21:59 [ERROR] [slide_H&E_0] FAILED: libopenslide.so.0: cannot open shared object file: No such file or directory
2026-06-19 22:21:59 [ERROR] [slide_H&E_0] FAILED: libopenslide.so.0: cannot open shared object file: No such file or directory
2026-06-19 22:21:59 [ERROR] [slide_H&E_0] FAILED: libopenslide.so.0: cannot open shared object file: No such file or directory
2026-06-19 22:21:59 [ERROR] [slide_H&E_0] FAILED: libopenslide.so.0: cannot open shared object file: No such file or directory
2026-06-19 22:21:59 [ERROR] [slide_H&E_0] FAILED: libopenslide.so.0: cannot open shared object file: No such file or directory
2026-06-19 22:21:59 [ERROR] [slide_H&E_0] FAILED: libopenslide.so.0: cannot open shared object file: No such file or directory
2026-06-19 22:21:59 [ERROR] [slide_H&E_0] FAILED: libopenslide.so.0: cannot open shared object file: No such file or directory
2026-06-19 22:21:59 [ERROR] [slide_H&E_0] FAILED: libopenslide.so.0: cannot open shared object file: No such file or directory
2026-06-19 22:21:59 [ERROR] [slide_H&E_0] FAILED: libopenslide.so.0: cannot open shared object file: No such file or directory
2026-06-19 22:21:59 [ERROR] [slide_H&E_0] FAILED: libopenslide.so.0: cannot open shared object file: No such file or directory
2026-06-19 22:21:59 [ERROR] [slide_H&E_0] FAILED: libopenslide.so.0: cannot open shared object file: No such file or directory
2026-06-19 22:21:59 [ERROR] [slide_H&E_0] FAILED: libopenslide.so.0: cannot open shared object file: No such file or directory
2026-06-19 22:21:59 [ERROR] [slide_H&E_0] FAILED: libopenslide.so.0: cannot open shared object file: No such file or directory
2026-06-19 22:21:59 [ERROR] [slide_H&E_0] FAILED: libopenslide.so.0: cannot open shared object file: No such file or directory
2026-06-19 22:21:59 [ERROR] [slide_H&E_0] FAILED: libopenslide.so.0: cannot open shared object file: No such file or directory
2026-06-19 22:21:59 [ERROR] [slide_H&E_0] FAILED: libopenslide.so.0: cannot open shared object file: No such file or directory
2026-06-19 22:21:59 [ERROR] [slide_H&E_0] FAILED: libopenslide.so.0: cannot open shared object file: No such file or directory
2026-06-19 22:21:59 [ERROR] [slide_H&E_0] FAILED: libopenslide.so.0: cannot open shared object file: No such file or directory
2026-06-19 22:21:59 [ERROR] [slide_H&E_0] FAILED: libopenslide.so.0: cannot open shared object file: No such file or directory
2026-06-19 22:21:59 [ERROR] [slide_H&E_0] FAILED: libopenslide.so.0: cannot open shared object file: No such file or directory
2026-06-19 22:21:59 [ERROR] [slide_H&E_0] FAILED: libopenslide.so.0: cannot open shared object file: No such file or directory
2026-06-19 22:21:59 [ERROR] [slide_H&E_0] FAILED: libopenslide.so.0: cannot open shared object file: No such file or directory
2026-06-19 22:21:59 [ERROR] [slide_H&E_0] FAILED: libopenslide.so.0: cannot open shared object file: No such file or directory
2026-06-19 22:21:59 [ERROR] [slide_H&E_0] FAILED: libopenslide.so.0: cannot open shared object file: No such file or directory
2026-06-19 22:21:59 [ERROR] [slide_H&E_0] FAILED: libopenslide.so.0: cannot open shared object file: No such file or directory
2026-06-19 22:21:59 [ERROR] [slide_H&E_0] FAILED: libopenslide.so.0: cannot open shared object file: No such file or directory
2026-06-19 22:21:59 [ERROR] [slide_H&E_0] FAILED: libopenslide.so.0: cannot open shared object file: No such file or directory
2026-06-19 22:21:59 [ERROR] [slide_H&E_0] FAILED: libopenslide.so.0: cannot open shared object file: No such file or directory
2026-06-19 22:21:59 [ERROR] [slide_H&E_0] FAILED: libopenslide.so.0: cannot open shared object file: No such file or directory
2026-06-19 22:21:59 [ERROR] [slide_H&E_0] FAILED: libopenslide.so.0: cannot open shared object file: No such file or directory
2026-06-19 22:21:59 [ERROR] [slide_H&E_0] FAILED: libopenslide.so.0: cannot open shared object file: No such file or directory
2026-06-19 22:21:59 [ERROR] [slide_H&E_0] FAILED: libopenslide.so.0: cannot open shared object file: No such file or directory
2026-06-19 22:21:59 [ERROR] [slide_H&E_0] FAILED: libopenslide.so.0: cannot open shared object file: No such file or directory
2026-06-19 22:21:59 [ERROR] [slide_H&E_0] FAILED: libopenslide.so.0: cannot open shared object file: No such file or directory
2026-06-19 22:21:59 [ERROR] [slide_H&E_0] FAILED: libopenslide.so.0: cannot open shared object file: No such file or directory
2026-06-19 22:21:59 [ERROR] [slide_H&E_0] FAILED: libopenslide.so.0: cannot open shared object file: No such file or directory
2026-06-19 22:21:59 [ERROR] [slide_H&E_0] FAILED: libopenslide.so.0: cannot open shared object file: No such file or directory
2026-06-19 22:21:59 [ERROR] [slide_H&E_0] FAILED: libopenslide.so.0: cannot open shared object file: No such file or directory
2026-06-19 22:21:59 [ERROR] [slide_H&E_0] FAILED: libopenslide.so.0: cannot open shared object file: No such file or directory
2026-06-19 22:21:59 [ERROR] [slide_H&E_0] FAILED: libopenslide.so.0: cannot open shared object file: No such file or directory
2026-06-19 22:21:59 [ERROR] [slide_H&E_0] FAILED: libopenslide.so.0: cannot open shared object file: No such file or directory
2026-06-19 22:21:59 [ERROR] [slide_H&E_0] FAILED: libopenslide.so.0: cannot open shared object file: No such file or directory
2026-06-19 22:21:59 [ERROR] [slide_H&E_0] FAILED: libopenslide.so.0: cannot open shared object file: No such file or directory
2026-06-19 22:21:59 [ERROR] [slide_H&E_0] FAILED: libopenslide.so.0: cannot open shared object file: No such file or directory
2026-06-19 22:21:59 [ERROR] [slide_H&E_0] FAILED: libopenslide.so.0: cannot open shared object file: No such file or directory
2026-06-19 22:21:59 [ERROR] [slide_H&E_0] FAILED: libopenslide.so.0: cannot open shared object file: No such file or directory
2026-06-19 22:21:59 [ERROR] [slide_H&E_0] FAILED: libopenslide.so.0: cannot open shared object file: No such file or directory
2026-06-19 22:21:59 [ERROR] [slide_H&E_0] FAILED: libopenslide.so.0: cannot open shared object file: No such file or directory
2026-06-19 22:21:59 [ERROR] [slide_H&E_0] FAILED: libopenslide.so.0: cannot open shared object file: No such file or directory
2026-06-19 22:21:59 [ERROR] [slide_H&E_0] FAILED: libopenslide.so.0: cannot open shared object file: No such file or directory
2026-06-19 22:21:59 [ERROR] [slide_H&E_0] FAILED: libopenslide.so.0: cannot open shared object file: No such file or directory
2026-06-19 22:21:59 [ERROR] [slide_H&E_0] FAILED: libopenslide.so.0: cannot open shared object file: No such file or directory
2026-06-19 22:21:59 [ERROR] [slide_H&E_0] FAILED: libopenslide.so.0: cannot open shared object file: No such file or directory
2026-06-19 22:21:59 [ERROR] [slide_H&E_0] FAILED: libopenslide.so.0: cannot open shared object file: No such file or directory
2026-06-19 22:21:59 [ERROR] [slide_H&E_0] FAILED: libopenslide.so.0: cannot open shared object file: No such file or directory
2026-06-19 22:21:59 [ERROR] [slide_H&E_0] FAILED: libopenslide.so.0: cannot open shared object file: No such file or directory
2026-06-19 22:21:59 [ERROR] [slide_H&E_0] FAILED: libopenslide.so.0: cannot open shared object file: No such file or directory
2026-06-19 22:21:59 [ERROR] [slide_H&E_0] FAILED: libopenslide.so.0: cannot open shared object file: No such file or directory
2026-06-19 22:21:59 [ERROR] [slide_H&E_0] FAILED: libopenslide.so.0: cannot open shared object file: No such file or directory
2026-06-19 22:21:59 [ERROR] [slide_H&E_0] FAILED: libopenslide.so.0: cannot open shared object file: No such file or directory
2026-06-19 22:21:59 [ERROR] [slide_H&E_0] FAILED: libopenslide.so.0: cannot open shared object file: No such file or directory
2026-06-19 22:21:59 [ERROR] [slide_H&E_0] FAILED: libopenslide.so.0: cannot open shared object file: No such file or directory
2026-06-19 22:21:59 [ERROR] [slide_H&E_0] FAILED: libopenslide.so.0: cannot open shared object file: No such file or directory
2026-06-19 22:21:59 [ERROR] [slide_H&E_0] FAILED: libopenslide.so.0: cannot open shared object file: No such file or directory
2026-06-19 22:21:59 [ERROR] [slide_H&E_0] FAILED: libopenslide.so.0: cannot open shared object file: No such file or directory
2026-06-19 22:21:59 [ERROR] [slide_H&E_0] FAILED: libopenslide.so.0: cannot open shared object file: No such file or directory
2026-06-19 22:21:59 [ERROR] [slide_H&E_0] FAILED: libopenslide.so.0: cannot open shared object file: No such file or directory
2026-06-19 22:21:59 [ERROR] [slide_H&E_0] FAILED: libopenslide.so.0: cannot open shared object file: No such file or directory
2026-06-19 22:21:59 [ERROR] [slide_H&E_0] FAILED: libopenslide.so.0: cannot open shared object file: No such file or directory
2026-06-19 22:21:59 [ERROR] [slide_H&E_0] FAILED: libopenslide.so.0: cannot open shared object file: No such file or directory
2026-06-19 22:21:59 [ERROR] [slide_H&E_0] FAILED: libopenslide.so.0: cannot open shared object file: No such file or directory
2026-06-19 22:21:59 [ERROR] [slide_H&E_0] FAILED: libopenslide.so.0: cannot open shared object file: No such file or directory
2026-06-19 22:21:59 [ERROR] [slide_H&E_0] FAILED: libopenslide.so.0: cannot open shared object file: No such file or directory
2026-06-19 22:21:59 [ERROR] [slide_H&E_0] FAILED: libopenslide.so.0: cannot open shared object file: No such file or directory
2026-06-19 22:21:59 [ERROR] [slide_H&E_0] FAILED: libopenslide.so.0: cannot open shared object file: No such file or directory
2026-06-19 22:21:59 [ERROR] [slide_H&E_0] FAILED: libopenslide.so.0: cannot open shared object file: No such file or directory
2026-06-19 22:21:59 [ERROR] [slide_H&E_0] FAILED: libopenslide.so.0: cannot open shared object file: No such file or directory
2026-06-19 22:21:59 [ERROR] [slide_H&E_0] FAILED: libopenslide.so.0: cannot open shared object file: No such file or directory
2026-06-19 22:21:59 [ERROR] [slide_H&E_0] FAILED: libopenslide.so.0: cannot open shared object file: No such file or directory
2026-06-19 22:21:59 [ERROR] [slide_H&E_0] FAILED: libopenslide.so.0: cannot open shared object file: No such file or directory
2026-06-19 22:21:59 [ERROR] [slide_H&E_0] FAILED: libopenslide.so.0: cannot open shared object file: No such file or directory
2026-06-19 22:21:59 [ERROR] [slide_H&E_0] FAILED: libopenslide.so.0: cannot open shared object file: No such file or directory
2026-06-19 22:21:59 [ERROR] [slide_H&E_0] FAILED: libopenslide.so.0: cannot open shared object file: No such file or directory
2026-06-19 22:21:59 [ERROR] [slide_H&E_0] FAILED: libopenslide.so.0: cannot open shared object file: No such file or directory
2026-06-19 22:21:59 [ERROR] [slide_H&E_0] FAILED: libopenslide.so.0: cannot open shared object file: No such file or directory
2026-06-19 22:21:59 [ERROR] [slide_H&E_0] FAILED: libopenslide.so.0: cannot open shared object file: No such file or directory
2026-06-19 22:21:59 [ERROR] [slide_H&E_0] FAILED: libopenslide.so.0: cannot open shared object file: No such file or directory
2026-06-19 22:21:59 [ERROR] [slide_H&E_0] FAILED: libopenslide.so.0: cannot open shared object file: No such file or directory
2026-06-19 22:21:59 [ERROR] [slide_H&E_0] FAILED: libopenslide.so.0: cannot open shared object file: No such file or directory
2026-06-19 22:21:59 [ERROR] [slide_H&E_0] FAILED: libopenslide.so.0: cannot open shared object file: No such file or directory
2026-06-19 22:21:59 [ERROR] [slide_H&E_0] FAILED: libopenslide.so.0: cannot open shared object file: No such file or directory
2026-06-19 22:21:59 [ERROR] [slide_H&E_0] FAILED: libopenslide.so.0: cannot open shared object file: No such file or directory
2026-06-19 22:21:59 [ERROR] [slide_H&E_0] FAILED: libopenslide.so.0: cannot open shared object file: No such file or directory
2026-06-19 22:21:59 [ERROR] [slide_H&E_0] FAILED: libopenslide.so.0: cannot open shared object file: No such file or directory
2026-06-19 22:21:59 [ERROR] [slide_H&E_0] FAILED: libopenslide.so.0: cannot open shared object file: No such file or directory
2026-06-19 22:21:59 [ERROR] [slide_H&E_0] FAILED: libopenslide.so.0: cannot open shared object file: No such file or directory
2026-06-19 22:21:59 [ERROR] [slide_H&E_0] FAILED: libopenslide.so.0: cannot open shared object file: No such file or directory
2026-06-19 22:21:59 [ERROR] [slide_H&E_0] FAILED: libopenslide.so.0: cannot open shared object file: No such file or directory
2026-06-19 22:21:59 [ERROR] [slide_H&E_0] FAILED: libopenslide.so.0: cannot open shared object file: No such file or directory
2026-06-19 22:21:59 [ERROR] [slide_H&E_0] FAILED: libopenslide.so.0: cannot open shared object file: No such file or directory
2026-06-19 22:21:59 [ERROR] [slide_H&E_0] FAILED: libopenslide.so.0: cannot open shared object file: No such file or directory
2026-06-19 22:21:59 [ERROR] [slide_H&E_0] FAILED: libopenslide.so.0: cannot open shared object file: No such file or directory
2026-06-19 22:21:59 [ERROR] [slide_H&E_0] FAILED: libopenslide.so.0: cannot open shared object file: No such file or directory
2026-06-19 22:21:59 [ERROR] [slide_H&E_0] FAILED: libopenslide.so.0: cannot open shared object file: No such file or directory
2026-06-19 22:21:59 [ERROR] [slide_H&E_0] FAILED: libopenslide.so.0: cannot open shared object file: No such file or directory
2026-06-19 22:21:59 [ERROR] [slide_H&E_0] FAILED: libopenslide.so.0: cannot open shared object file: No such file or directory
2026-06-19 22:21:59 [ERROR] [slide_H&E_0] FAILED: libopenslide.so.0: cannot open shared object file: No such file or directory
2026-06-19 22:21:59 [ERROR] [slide_H&E_0] FAILED: libopenslide.so.0: cannot open shared object file: No such file or directory
2026-06-19 22:21:59 [ERROR] [slide_H&E_0] FAILED: libopenslide.so.0: cannot open shared object file: No such file or directory
2026-06-19 22:21:59 [ERROR] [slide_H&E_0] FAILED: libopenslide.so.0: cannot open shared object file: No such file or directory
2026-06-19 22:21:59 [ERROR] [slide_H&E_0] FAILED: libopenslide.so.0: cannot open shared object file: No such file or directory
2026-06-19 22:21:59 [ERROR] [slide_H&E_0] FAILED: libopenslide.so.0: cannot open shared object file: No such file or directory
2026-06-19 22:21:59 [ERROR] [slide_H&E_0] FAILED: libopenslide.so.0: cannot open shared object file: No such file or directory
2026-06-19 22:21:59 [ERROR] [slide_H&E_0] FAILED: libopenslide.so.0: cannot open shared object file: No such file or directory
2026-06-19 22:21:59 [ERROR] [slide_H&E_0] FAILED: libopenslide.so.0: cannot open shared object file: No such file or directory
2026-06-19 22:21:59 [ERROR] [slide_H&E_0] FAILED: libopenslide.so.0: cannot open shared object file: No such file or directory
2026-06-19 22:21:59 [ERROR] [slide_H&E_0] FAILED: libopenslide.so.0: cannot open shared object file: No such file or directory
2026-06-19 22:21:59 [ERROR] [slide_H&E_0] FAILED: libopenslide.so.0: cannot open shared object file: No such file or directory
2026-06-19 22:21:59 [ERROR] [slide_H&E_0] FAILED: libopenslide.so.0: cannot open shared object file: No such file or directory
2026-06-19 22:21:59 [ERROR] [slide_H&E_0] FAILED: libopenslide.so.0: cannot open shared object file: No such file or directory
2026-06-19 22:21:59 [ERROR] [slide_H&E_0] FAILED: libopenslide.so.0: cannot open shared object file: No such file or directory
2026-06-19 22:21:59 [ERROR] [slide_H&E_0] FAILED: libopenslide.so.0: cannot open shared object file: No such file or directory
2026-06-19 22:21:59 [ERROR] [slide_H&E_0] FAILED: libopenslide.so.0: cannot open shared object file: No such file or directory
2026-06-19 22:21:59 [ERROR] [slide_H&E_0] FAILED: libopenslide.so.0: cannot open shared object file: No such file or directory
2026-06-19 22:21:59 [ERROR] [slide_H&E_0] FAILED: libopenslide.so.0: cannot open shared object file: No such file or directory
2026-06-19 22:21:59 [ERROR] [slide_H&E_0] FAILED: libopenslide.so.0: cannot open shared object file: No such file or directory
2026-06-19 22:21:59 [ERROR] [slide_H&E_0] FAILED: libopenslide.so.0: cannot open shared object file: No such file or directory
2026-06-19 22:21:59 [ERROR] [slide_H&E_0] FAILED: libopenslide.so.0: cannot open shared object file: No such file or directory
2026-06-19 22:21:59 [ERROR] [slide_H&E_0] FAILED: libopenslide.so.0: cannot open shared object file: No such file or directory
2026-06-19 22:21:59 [ERROR] [slide_H&E_0] FAILED: libopenslide.so.0: cannot open shared object file: No such file or directory
2026-06-19 22:21:59 [ERROR] [slide_H&E_0] FAILED: libopenslide.so.0: cannot open shared object file: No such file or directory
2026-06-19 22:21:59 [ERROR] [slide_H&E_0] FAILED: libopenslide.so.0: cannot open shared object file: No such file or directory
2026-06-19 22:21:59 [ERROR] [slide_H&E_0] FAILED: libopenslide.so.0: cannot open shared object file: No such file or directory
2026-06-19 22:21:59 [ERROR] [slide_H&E_0] FAILED: libopenslide.so.0: cannot open shared object file: No such file or directory
2026-06-19 22:21:59 [ERROR] [slide_H&E_0] FAILED: libopenslide.so.0: cannot open shared object file: No such file or directory
2026-06-19 22:21:59 [ERROR] [slide_H&E_0] FAILED: libopenslide.so.0: cannot open shared object file: No such file or directory
2026-06-19 22:21:59 [ERROR] [slide_H&E_0] FAILED: libopenslide.so.0: cannot open shared object file: No such file or directory
2026-06-19 22:21:59 [ERROR] [slide_H&E_0] FAILED: libopenslide.so.0: cannot open shared object file: No such file or directory
2026-06-19 22:21:59 [ERROR] [slide_H&E_0] FAILED: libopenslide.so.0: cannot open shared object file: No such file or directory
2026-06-19 22:21:59 [ERROR] [slide_H&E_0] FAILED: libopenslide.so.0: cannot open shared object file: No such file or directory
2026-06-19 22:21:59 [ERROR] [slide_H&E_0] FAILED: libopenslide.so.0: cannot open shared object file: No such file or directory
2026-06-19 22:21:59 [ERROR] [slide_H&E_0] FAILED: libopenslide.so.0: cannot open shared object file: No such file or directory
2026-06-19 22:21:59 [ERROR] [slide_H&E_0] FAILED: libopenslide.so.0: cannot open shared object file: No such file or directory
2026-06-19 22:21:59 [ERROR] [slide_H&E_0] FAILED: libopenslide.so.0: cannot open shared object file: No such file or directory
2026-06-19 22:21:59 [ERROR] [slide_H&E_0] FAILED: libopenslide.so.0: cannot open shared object file: No such file or directory
2026-06-19 22:21:59 [ERROR] [slide_H&E_0] FAILED: libopenslide.so.0: cannot open shared object file: No such file or directory
2026-06-19 22:21:59 [ERROR] [slide_H&E_0] FAILED: libopenslide.so.0: cannot open shared object file: No such file or directory
2026-06-19 22:21:59 [ERROR] [slide_H&E_0] FAILED: libopenslide.so.0: cannot open shared object file: No such file or directory
2026-06-19 22:21:59 [ERROR] [slide_H&E_0] FAILED: libopenslide.so.0: cannot open shared object file: No such file or directory
2026-06-19 22:21:59 [ERROR] [slide_H&E_0] FAILED: libopenslide.so.0: cannot open shared object file: No such file or directory
2026-06-19 22:21:59 [ERROR] [slide_H&E_0] FAILED: libopenslide.so.0: cannot open shared object file: No such file or directory
2026-06-19 22:21:59 [ERROR] [slide_H&E_0] FAILED: libopenslide.so.0: cannot open shared object file: No such file or directory
2026-06-19 22:21:59 [ERROR] [slide_H&E_0] FAILED: libopenslide.so.0: cannot open shared object file: No such file or directory
2026-06-19 22:21:59 [ERROR] [slide_H&E_0] FAILED: libopenslide.so.0: cannot open shared object file: No such file or directory
2026-06-19 22:21:59 [ERROR] [slide_H&E_0] FAILED: libopenslide.so.0: cannot open shared object file: No such file or directory
2026-06-19 22:21:59 [ERROR] [slide_H&E_0] FAILED: libopenslide.so.0: cannot open shared object file: No such file or directory
2026-06-19 22:21:59 [ERROR] [slide_H&E_0] FAILED: libopenslide.so.0: cannot open shared object file: No such file or directory
2026-06-19 22:21:59 [ERROR] [slide_H&E_0] FAILED: libopenslide.so.0: cannot open shared object file: No such file or directory
2026-06-19 22:21:59 [ERROR] [slide_H&E_0] FAILED: libopenslide.so.0: cannot open shared object file: No such file or directory
2026-06-19 22:21:59 [ERROR] [slide_H&E_0] FAILED: libopenslide.so.0: cannot open shared object file: No such file or directory
2026-06-19 22:21:59 [ERROR] [slide_H&E_0] FAILED: libopenslide.so.0: cannot open shared object file: No such file or directory
2026-06-19 22:21:59 [ERROR] [slide_H&E_0] FAILED: libopenslide.so.0: cannot open shared object file: No such file or directory
2026-06-19 22:21:59 [ERROR] [slide_H&E_0] FAILED: libopenslide.so.0: cannot open shared object file: No such file or directory
2026-06-19 22:21:59 [ERROR] [slide_H&E_0] FAILED: libopenslide.so.0: cannot open shared object file: No such file or directory
2026-06-19 22:21:59 [ERROR] [slide_H&E_0] FAILED: libopenslide.so.0: cannot open shared object file: No such file or directory
2026-06-19 22:21:59 [ERROR] [slide_H&E_0] FAILED: libopenslide.so.0: cannot open shared object file: No such file or directory
2026-06-19 22:21:59 [ERROR] [slide_H&E_0] FAILED: libopenslide.so.0: cannot open shared object file: No such file or directory
2026-06-19 22:21:59 [ERROR] [slide_H&E_0] FAILED: libopenslide.so.0: cannot open shared object file: No such file or directory
2026-06-19 22:21:59 [ERROR] [slide_H&E_0] FAILED: libopenslide.so.0: cannot open shared object file: No such file or directory
2026-06-19 22:21:59 [ERROR] [slide_H&E_0] FAILED: libopenslide.so.0: cannot open shared object file: No such file or directory
2026-06-19 22:21:59 [ERROR] [slide_H&E_0] FAILED: libopenslide.so.0: cannot open shared object file: No such file or directory
2026-06-19 22:21:59 [ERROR] [slide_H&E_0] FAILED: libopenslide.so.0: cannot open shared object file: No such file or directory
2026-06-19 22:21:59 [ERROR] [slide_H&E_0] FAILED: libopenslide.so.0: cannot open shared object file: No such file or directory
2026-06-19 22:21:59 [ERROR] [slide_H&E_0] FAILED: libopenslide.so.0: cannot open shared object file: No such file or directory
2026-06-19 22:21:59 [ERROR] [slide_H&E_0] FAILED: libopenslide.so.0: cannot open shared object file: No such file or directory
2026-06-19 22:21:59 [ERROR] [slide_H&E_0] FAILED: libopenslide.so.0: cannot open shared object file: No such file or directory
2026-06-19 22:21:59 [ERROR] [slide_H&E_0] FAILED: libopenslide.so.0: cannot open shared object file: No such file or directory
2026-06-19 22:21:59 [ERROR] [slide_H&E_0] FAILED: libopenslide.so.0: cannot open shared object file: No such file or directory
2026-06-19 22:21:59 [ERROR] [slide_H&E_0] FAILED: libopenslide.so.0: cannot open shared object file: No such file or directory
2026-06-19 22:21:59 [ERROR] [slide_H&E_0] FAILED: libopenslide.so.0: cannot open shared object file: No such file or directory
2026-06-19 22:21:59 [ERROR] [slide_H&E_0] FAILED: libopenslide.so.0: cannot open shared object file: No such file or directory
2026-06-19 22:21:59 [ERROR] [slide_H&E_0] FAILED: libopenslide.so.0: cannot open shared object file: No such file or directory
2026-06-19 22:21:59 [ERROR] [slide_H&E_0] FAILED: libopenslide.so.0: cannot open shared object file: No such file or directory
2026-06-19 22:21:59 [ERROR] [slide_H&E_0] FAILED: libopenslide.so.0: cannot open shared object file: No such file or directory
2026-06-19 22:21:59 [ERROR] [slide_H&E_0] FAILED: libopenslide.so.0: cannot open shared object file: No such file or directory
2026-06-19 22:21:59 [ERROR] [slide_H&E_0] FAILED: libopenslide.so.0: cannot open shared object file: No such file or directory
2026-06-19 22:21:59 [ERROR] [slide_H&E_0] FAILED: libopenslide.so.0: cannot open shared object file: No such file or directory
2026-06-19 22:21:59 [ERROR] [slide_H&E_0] FAILED: libopenslide.so.0: cannot open shared object file: No such file or directory
2026-06-19 22:21:59 [ERROR] [slide_H&E_0] FAILED: libopenslide.so.0: cannot open shared object file: No such file or directory
2026-06-19 22:21:59 [ERROR] [slide_H&E_0] FAILED: libopenslide.so.0: cannot open shared object file: No such file or directory
2026-06-19 22:21:59 [ERROR] [slide_H&E_0] FAILED: libopenslide.so.0: cannot open shared object file: No such file or directory
2026-06-19 22:21:59 [ERROR] [slide_H&E_0] FAILED: libopenslide.so.0: cannot open shared object file: No such file or directory
2026-06-19 22:21:59 [ERROR] [slide_H&E_0] FAILED: libopenslide.so.0: cannot open shared object file: No such file or directory
2026-06-19 22:21:59 [ERROR] [slide_H&E_0] FAILED: libopenslide.so.0: cannot open shared object file: No such file or directory
2026-06-19 22:21:59 [ERROR] [slide_H&E_0] FAILED: libopenslide.so.0: cannot open shared object file: No such file or directory
2026-06-19 22:21:59 [ERROR] [slide_H&E_0] FAILED: libopenslide.so.0: cannot open shared object file: No such file or directory
2026-06-19 22:21:59 [ERROR] [slide_H&E_0] FAILED: libopenslide.so.0: cannot open shared object file: No such file or directory
2026-06-19 22:21:59 [ERROR] [slide_H&E_0] FAILED: libopenslide.so.0: cannot open shared object file: No such file or directory
2026-06-19 22:21:59 [ERROR] [slide_H&E_0] FAILED: libopenslide.so.0: cannot open shared object file: No such file or directory
2026-06-19 22:21:59 [ERROR] [slide_H&E_0] FAILED: libopenslide.so.0: cannot open shared object file: No such file or directory
2026-06-19 22:21:59 [ERROR] [slide_H&E_0] FAILED: libopenslide.so.0: cannot open shared object file: No such file or directory
2026-06-19 22:21:59 [ERROR] [slide_H&E_0] FAILED: libopenslide.so.0: cannot open shared object file: No such file or directory
2026-06-19 22:21:59 [ERROR] [slide_H&E_0] FAILED: libopenslide.so.0: cannot open shared object file: No such file or directory
2026-06-19 22:21:59 [ERROR] [slide_H&E_0] FAILED: libopenslide.so.0: cannot open shared object file: No such file or directory
2026-06-19 22:21:59 [ERROR] [slide_H&E_0] FAILED: libopenslide.so.0: cannot open shared object file: No such file or directory
2026-06-19 22:21:59 [ERROR] [slide_H&E_0] FAILED: libopenslide.so.0: cannot open shared object file: No such file or directory
2026-06-19 22:21:59 [ERROR] [slide_H&E_0] FAILED: libopenslide.so.0: cannot open shared object file: No such file or directory
2026-06-19 22:21:59 [ERROR] [slide_H&E_0] FAILED: libopenslide.so.0: cannot open shared object file: No such file or directory
2026-06-19 22:21:59 [ERROR] [slide_H&E_0] FAILED: libopenslide.so.0: cannot open shared object file: No such file or directory
2026-06-19 22:21:59 [ERROR] [slide_H&E_0] FAILED: libopenslide.so.0: cannot open shared object file: No such file or directory
2026-06-19 22:21:59 [ERROR] [slide_H&E_0] FAILED: libopenslide.so.0: cannot open shared object file: No such file or directory
2026-06-19 22:21:59 [ERROR] [slide_H&E_0] FAILED: libopenslide.so.0: cannot open shared object file: No such file or directory
2026-06-19 22:21:59 [ERROR] [slide_H&E_0] FAILED: libopenslide.so.0: cannot open shared object file: No such file or directory
2026-06-19 22:21:59 [ERROR] [slide_H&E_0] FAILED: libopenslide.so.0: cannot open shared object file: No such file or directory
2026-06-19 22:21:59 [ERROR] [slide_H&E_0] FAILED: libopenslide.so.0: cannot open shared object file: No such file or directory
2026-06-19 22:21:59 [ERROR] [slide_H&E_0] FAILED: libopenslide.so.0: cannot open shared object file: No such file or directory
2026-06-19 22:21:59 [ERROR] [slide_H&E_0] FAILED: libopenslide.so.0: cannot open shared object file: No such file or directory
2026-06-19 22:21:59 [ERROR] [slide_H&E_0] FAILED: libopenslide.so.0: cannot open shared object file: No such file or directory
2026-06-19 22:21:59 [ERROR] [slide_H&E_0] FAILED: libopenslide.so.0: cannot open shared object file: No such file or directory
2026-06-19 22:21:59 [ERROR] [slide_H&E_0] FAILED: libopenslide.so.0: cannot open shared object file: No such file or directory
2026-06-19 22:21:59 [ERROR] [slide_H&E_0] FAILED: libopenslide.so.0: cannot open shared object file: No such file or directory
2026-06-19 22:21:59 [ERROR] [slide_H&E_0] FAILED: libopenslide.so.0: cannot open shared object file: No such file or directory
2026-06-19 22:21:59 [ERROR] [slide_H&E_0] FAILED: libopenslide.so.0: cannot open shared object file: No such file or directory
2026-06-19 22:21:59 [ERROR] [slide_H&E_0] FAILED: libopenslide.so.0: cannot open shared object file: No such file or directory
2026-06-19 22:21:59 [ERROR] [slide_H&E_0] FAILED: libopenslide.so.0: cannot open shared object file: No such file or directory
2026-06-19 22:21:59 [ERROR] [slide_H&E_0] FAILED: libopenslide.so.0: cannot open shared object file: No such file or directory
2026-06-19 22:21:59 [ERROR] [slide_H&E_0] FAILED: libopenslide.so.0: cannot open shared object file: No such file or directory
2026-06-19 22:21:59 [ERROR] [slide_H&E_0] FAILED: libopenslide.so.0: cannot open shared object file: No such file or directory
2026-06-19 22:21:59 [ERROR] [slide_H&E_0] FAILED: libopenslide.so.0: cannot open shared object file: No such file or directory
2026-06-19 22:21:59 [ERROR] [slide_H&E_0] FAILED: libopenslide.so.0: cannot open shared object file: No such file or directory
2026-06-19 22:21:59 [ERROR] [slide_H&E_0] FAILED: libopenslide.so.0: cannot open shared object file: No such file or directory
2026-06-19 22:21:59 [ERROR] [slide_H&E_0] FAILED: libopenslide.so.0: cannot open shared object file: No such file or directory
2026-06-19 22:21:59 [ERROR] [slide_H&E_0] FAILED: libopenslide.so.0: cannot open shared object file: No such file or directory
2026-06-19 22:21:59 [ERROR] [slide_H&E_0] FAILED: libopenslide.so.0: cannot open shared object file: No such file or directory
2026-06-19 22:21:59 [ERROR] [slide_H&E_0] FAILED: libopenslide.so.0: cannot open shared object file: No such file or directory
2026-06-19 22:21:59 [ERROR] [slide_H&E_0] FAILED: libopenslide.so.0: cannot open shared object file: No such file or directory
2026-06-19 22:21:59 [ERROR] [slide_H&E_0] FAILED: libopenslide.so.0: cannot open shared object file: No such file or directory
2026-06-19 22:21:59 [ERROR] [slide_H&E_0] FAILED: libopenslide.so.0: cannot open shared object file: No such file or directory
2026-06-19 22:21:59 [ERROR] [slide_H&E_0] FAILED: libopenslide.so.0: cannot open shared object file: No such file or directory
2026-06-19 22:21:59 [ERROR] [slide_H&E_0] FAILED: libopenslide.so.0: cannot open shared object file: No such file or directory
2026-06-19 22:21:59 [ERROR] [slide_H&E_0] FAILED: libopenslide.so.0: cannot open shared object file: No such file or directory
2026-06-19 22:21:59 [ERROR] [slide_H&E_0] FAILED: libopenslide.so.0: cannot open shared object file: No such file or directory
2026-06-19 22:21:59 [ERROR] [slide_H&E_0] FAILED: libopenslide.so.0: cannot open shared object file: No such file or directory
2026-06-19 22:21:59 [ERROR] [slide_H&E_0] FAILED: libopenslide.so.0: cannot open shared object file: No such file or directory
2026-06-19 22:21:59 [ERROR] [slide_H&E_0] FAILED: libopenslide.so.0: cannot open shared object file: No such file or directory
2026-06-19 22:21:59 [ERROR] [slide_H&E_0] FAILED: libopenslide.so.0: cannot open shared object file: No such file or directory
2026-06-19 22:21:59 [ERROR] [slide_H&E_0] FAILED: libopenslide.so.0: cannot open shared object file: No such file or directory
2026-06-19 22:21:59 [ERROR] [slide_H&E_0] FAILED: libopenslide.so.0: cannot open shared object file: No such file or directory
2026-06-19 22:21:59 [ERROR] [slide_H&E_0] FAILED: libopenslide.so.0: cannot open shared object file: No such file or directory
2026-06-19 22:21:59 [ERROR] [slide_H&E_0] FAILED: libopenslide.so.0: cannot open shared object file: No such file or directory
2026-06-19 22:21:59 [ERROR] [slide_H&E_0] FAILED: libopenslide.so.0: cannot open shared object file: No such file or directory
2026-06-19 22:21:59 [ERROR] [slide_H&E_0] FAILED: libopenslide.so.0: cannot open shared object file: No such file or directory
2026-06-19 22:21:59 [ERROR] [slide_H&E_0] FAILED: libopenslide.so.0: cannot open shared object file: No such file or directory
2026-06-19 22:21:59 [ERROR] [slide_H&E_0] FAILED: libopenslide.so.0: cannot open shared object file: No such file or directory
2026-06-19 22:21:59 [ERROR] [slide_H&E_0] FAILED: libopenslide.so.0: cannot open shared object file: No such file or directory
2026-06-19 22:21:59 [ERROR] [slide_H&E_0] FAILED: libopenslide.so.0: cannot open shared object file: No such file or directory
2026-06-19 22:21:59 [ERROR] [slide_H&E_0] FAILED: libopenslide.so.0: cannot open shared object file: No such file or directory
2026-06-19 22:21:59 [ERROR] [slide_H&E_0] FAILED: libopenslide.so.0: cannot open shared object file: No such file or directory
2026-06-19 22:21:59 [ERROR] [slide_H&E_0] FAILED: libopenslide.so.0: cannot open shared object file: No such file or directory
2026-06-19 22:21:59 [ERROR] [slide_H&E_0] FAILED: libopenslide.so.0: cannot open shared object file: No such file or directory
2026-06-19 22:21:59 [ERROR] [slide_H&E_0] FAILED: libopenslide.so.0: cannot open shared object file: No such file or directory
2026-06-19 22:21:59 [ERROR] [slide_H&E_0] FAILED: libopenslide.so.0: cannot open shared object file: No such file or directory
2026-06-19 22:21:59 [ERROR] [slide_H&E_0] FAILED: libopenslide.so.0: cannot open shared object file: No such file or directory
2026-06-19 22:21:59 [ERROR] [slide_H&E_0] FAILED: libopenslide.so.0: cannot open shared object file: No such file or directory
2026-06-19 22:21:59 [ERROR] [slide_H&E_0] FAILED: libopenslide.so.0: cannot open shared object file: No such file or directory
2026-06-19 22:21:59 [ERROR] [slide_H&E_0] FAILED: libopenslide.so.0: cannot open shared object file: No such file or directory
2026-06-19 22:21:59 [ERROR] [slide_H&E_0] FAILED: libopenslide.so.0: cannot open shared object file: No such file or directory
2026-06-19 22:21:59 [ERROR] [slide_H&E_0] FAILED: libopenslide.so.0: cannot open shared object file: No such file or directory
2026-06-19 22:21:59 [ERROR] [slide_H&E_0] FAILED: libopenslide.so.0: cannot open shared object file: No such file or directory
2026-06-19 22:21:59 [ERROR] [slide_H&E_0] FAILED: libopenslide.so.0: cannot open shared object file: No such file or directory
2026-06-19 22:21:59 [ERROR] [slide_H&E_0] FAILED: libopenslide.so.0: cannot open shared object file: No such file or directory
2026-06-19 22:21:59 [ERROR] [slide_H&E_0] FAILED: libopenslide.so.0: cannot open shared object file: No such file or directory
2026-06-19 22:21:59 [ERROR] [slide_H&E_0] FAILED: libopenslide.so.0: cannot open shared object file: No such file or directory
2026-06-19 22:21:59 [ERROR] [slide_H&E_0] FAILED: libopenslide.so.0: cannot open shared object file: No such file or directory
2026-06-19 22:21:59 [ERROR] [slide_H&E_0] FAILED: libopenslide.so.0: cannot open shared object file: No such file or directory
2026-06-19 22:21:59 [ERROR] [slide_H&E_0] FAILED: libopenslide.so.0: cannot open shared object file: No such file or directory
2026-06-19 22:21:59 [ERROR] [slide_H&E_0] FAILED: libopenslide.so.0: cannot open shared object file: No such file or directory
2026-06-19 22:21:59 [ERROR] [slide_H&E_0] FAILED: libopenslide.so.0: cannot open shared object file: No such file or directory
2026-06-19 22:21:59 [ERROR] [slide_H&E_0] FAILED: libopenslide.so.0: cannot open shared object file: No such file or directory
2026-06-19 22:21:59 [ERROR] [slide_H&E_0] FAILED: libopenslide.so.0: cannot open shared object file: No such file or directory
2026-06-19 22:21:59 [ERROR] [slide_H&E_0] FAILED: libopenslide.so.0: cannot open shared object file: No such file or directory
2026-06-19 22:21:59 [ERROR] [slide_H&E_0] FAILED: libopenslide.so.0: cannot open shared object file: No such file or directory
2026-06-19 22:21:59 [ERROR] [slide_H&E_0] FAILED: libopenslide.so.0: cannot open shared object file: No such file or directory
2026-06-19 22:21:59 [ERROR] [slide_H&E_0] FAILED: libopenslide.so.0: cannot open shared object file: No such file or directory
2026-06-19 22:21:59 [ERROR] [slide_H&E_0] FAILED: libopenslide.so.0: cannot open shared object file: No such file or directory
2026-06-19 22:21:59 [ERROR] [slide_H&E_0] FAILED: libopenslide.so.0: cannot open shared object file: No such file or directory
2026-06-19 22:21:59 [ERROR] [slide_H&E_0] FAILED: libopenslide.so.0: cannot open shared object file: No such file or directory
2026-06-19 22:21:59 [ERROR] [slide_H&E_0] FAILED: libopenslide.so.0: cannot open shared object file: No such file or directory
2026-06-19 22:21:59 [ERROR] [slide_H&E_0] FAILED: libopenslide.so.0: cannot open shared object file: No such file or directory
2026-06-19 22:21:59 [ERROR] [slide_H&E_0] FAILED: libopenslide.so.0: cannot open shared object file: No such file or directory
2026-06-19 22:21:59 [ERROR] [slide_H&E_0] FAILED: libopenslide.so.0: cannot open shared object file: No such file or directory
2026-06-19 22:21:59 [ERROR] [slide_H&E_0] FAILED: libopenslide.so.0: cannot open shared object file: No such file or directory
2026-06-19 22:21:59 [ERROR] [slide_H&E_0] FAILED: libopenslide.so.0: cannot open shared object file: No such file or directory
2026-06-19 22:21:59 [ERROR] [slide_H&E_0] FAILED: libopenslide.so.0: cannot open shared object file: No such file or directory
2026-06-19 22:21:59 [ERROR] [slide_H&E_0] FAILED: libopenslide.so.0: cannot open shared object file: No such file or directory
2026-06-19 22:21:59 [ERROR] [slide_H&E_0] FAILED: libopenslide.so.0: cannot open shared object file: No such file or directory
2026-06-19 22:21:59 [ERROR] [slide_H&E_0] FAILED: libopenslide.so.0: cannot open shared object file: No such file or directory
2026-06-19 22:21:59 [ERROR] [slide_H&E_0] FAILED: libopenslide.so.0: cannot open shared object file: No such file or directory
2026-06-19 22:21:59 [ERROR] [slide_H&E_0] FAILED: libopenslide.so.0: cannot open shared object file: No such file or directory
2026-06-19 22:21:59 [ERROR] [slide_H&E_0] FAILED: libopenslide.so.0: cannot open shared object file: No such file or directory
2026-06-19 22:21:59 [ERROR] [slide_H&E_0] FAILED: libopenslide.so.0: cannot open shared object file: No such file or directory
2026-06-19 22:21:59 [ERROR] [slide_H&E_0] FAILED: libopenslide.so.0: cannot open shared object file: No such file or directory
2026-06-19 22:21:59 [ERROR] [slide_H&E_0] FAILED: libopenslide.so.0: cannot open shared object file: No such file or directory
2026-06-19 22:21:59 [ERROR] [slide_H&E_0] FAILED: libopenslide.so.0: cannot open shared object file: No such file or directory
2026-06-19 22:21:59 [ERROR] [slide_H&E_0] FAILED: libopenslide.so.0: cannot open shared object file: No such file or directory
2026-06-19 22:21:59 [ERROR] [slide_H&E_0] FAILED: libopenslide.so.0: cannot open shared object file: No such file or directory
2026-06-19 22:21:59 [ERROR] [slide_H&E_0] FAILED: libopenslide.so.0: cannot open shared object file: No such file or directory
2026-06-19 22:21:59 [ERROR] [slide_H&E_0] FAILED: libopenslide.so.0: cannot open shared object file: No such file or directory
2026-06-19 22:21:59 [ERROR] [slide_H&E_0] FAILED: libopenslide.so.0: cannot open shared object file: No such file or directory
2026-06-19 22:21:59 [ERROR] [slide_H&E_0] FAILED: libopenslide.so.0: cannot open shared object file: No such file or directory
2026-06-19 22:21:59 [ERROR] [slide_H&E_0] FAILED: libopenslide.so.0: cannot open shared object file: No such file or directory
2026-06-19 22:21:59 [ERROR] [slide_H&E_0] FAILED: libopenslide.so.0: cannot open shared object file: No such file or directory
2026-06-19 22:21:59 [ERROR] [slide_H&E_0] FAILED: libopenslide.so.0: cannot open shared object file: No such file or directory
2026-06-19 22:21:59 [ERROR] [slide_H&E_0] FAILED: libopenslide.so.0: cannot open shared object file: No such file or directory
2026-06-19 22:21:59 [ERROR] [slide_H&E_0] FAILED: libopenslide.so.0: cannot open shared object file: No such file or directory
2026-06-19 22:21:59 [ERROR] [slide_H&E_0] FAILED: libopenslide.so.0: cannot open shared object file: No such file or directory
2026-06-19 22:21:59 [ERROR] [slide_H&E_0] FAILED: libopenslide.so.0: cannot open shared object file: No such file or directory
2026-06-19 22:21:59 [ERROR] [slide_H&E_0] FAILED: libopenslide.so.0: cannot open shared object file: No such file or directory
2026-06-19 22:21:59 [ERROR] [slide_H&E_0] FAILED: libopenslide.so.0: cannot open shared object file: No such file or directory
2026-06-19 22:21:59 [ERROR] [slide_H&E_0] FAILED: libopenslide.so.0: cannot open shared object file: No such file or directory
2026-06-19 22:21:59 [ERROR] [slide_H&E_0] FAILED: libopenslide.so.0: cannot open shared object file: No such file or directory
2026-06-19 22:21:59 [ERROR] [slide_H&E_0] FAILED: libopenslide.so.0: cannot open shared object file: No such file or directory
2026-06-19 22:21:59 [ERROR] [slide_H&E_0] FAILED: libopenslide.so.0: cannot open shared object file: No such file or directory
2026-06-19 22:21:59 [ERROR] [slide_H&E_0] FAILED: libopenslide.so.0: cannot open shared object file: No such file or directory
2026-06-19 22:21:59 [ERROR] [slide_H&E_0] FAILED: libopenslide.so.0: cannot open shared object file: No such file or directory
2026-06-19 22:21:59 [ERROR] [slide_H&E_0] FAILED: libopenslide.so.0: cannot open shared object file: No such file or directory
2026-06-19 22:21:59 [ERROR] [slide_H&E_0] FAILED: libopenslide.so.0: cannot open shared object file: No such file or directory
2026-06-19 22:21:59 [ERROR] [slide_H&E_0] FAILED: libopenslide.so.0: cannot open shared object file: No such file or directory
2026-06-19 22:21:59 [ERROR] [slide_H&E_0] FAILED: libopenslide.so.0: cannot open shared object file: No such file or directory
2026-06-19 22:21:59 [ERROR] [slide_H&E_0] FAILED: libopenslide.so.0: cannot open shared object file: No such file or directory
2026-06-19 22:21:59 [ERROR] [slide_H&E_0] FAILED: libopenslide.so.0: cannot open shared object file: No such file or directory
2026-06-19 22:21:59 [ERROR] [slide_H&E_0] FAILED: libopenslide.so.0: cannot open shared object file: No such file or directory
2026-06-19 22:21:59 [ERROR] [slide_H&E_0] FAILED: libopenslide.so.0: cannot open shared object file: No such file or directory
2026-06-19 22:21:59 [ERROR] [slide_H&E_0] FAILED: libopenslide.so.0: cannot open shared object file: No such file or directory
2026-06-19 22:21:59 [ERROR] [slide_H&E_0] FAILED: libopenslide.so.0: cannot open shared object file: No such file or directory
2026-06-19 22:21:59 [ERROR] [slide_H&E_0] FAILED: libopenslide.so.0: cannot open shared object file: No such file or directory
2026-06-19 22:21:59 [ERROR] [slide_H&E_0] FAILED: libopenslide.so.0: cannot open shared object file: No such file or directory
2026-06-19 22:21:59 [ERROR] [slide_H&E_0] FAILED: libopenslide.so.0: cannot open shared object file: No such file or directory
2026-06-19 22:21:59 [ERROR] [slide_H&E_0] FAILED: libopenslide.so.0: cannot open shared object file: No such file or directory
2026-06-19 22:21:59 [ERROR] [slide_H&E_0] FAILED: libopenslide.so.0: cannot open shared object file: No such file or directory
2026-06-19 22:21:59 [ERROR] [slide_H&E_0] FAILED: libopenslide.so.0: cannot open shared object file: No such file or directory
2026-06-19 22:21:59 [ERROR] [slide_H&E_0] FAILED: libopenslide.so.0: cannot open shared object file: No such file or directory
2026-06-19 22:21:59 [ERROR] [slide_H&E_0] FAILED: libopenslide.so.0: cannot open shared object file: No such file or directory
2026-06-19 22:21:59 [ERROR] [slide_H&E_0] FAILED: libopenslide.so.0: cannot open shared object file: No such file or directory
2026-06-19 22:21:59 [ERROR] [slide_H&E_0] FAILED: libopenslide.so.0: cannot open shared object file: No such file or directory
2026-06-19 22:21:59 [ERROR] [slide_H&E_0] FAILED: libopenslide.so.0: cannot open shared object file: No such file or directory
2026-06-19 22:21:59 [ERROR] [slide_H&E_0] FAILED: libopenslide.so.0: cannot open shared object file: No such file or directory
2026-06-19 22:21:59 [ERROR] [slide_H&E_0] FAILED: libopenslide.so.0: cannot open shared object file: No such file or directory
2026-06-19 22:21:59 [ERROR] [slide_H&E_0] FAILED: libopenslide.so.0: cannot open shared object file: No such file or directory
2026-06-19 22:21:59 [ERROR] [slide_H&E_0] FAILED: libopenslide.so.0: cannot open shared object file: No such file or directory
2026-06-19 22:21:59 [ERROR] [slide_H&E_0] FAILED: libopenslide.so.0: cannot open shared object file: No such file or directory
2026-06-19 22:21:59 [ERROR] [slide_H&E_0] FAILED: libopenslide.so.0: cannot open shared object file: No such file or directory
2026-06-19 22:21:59 [ERROR] [slide_H&E_0] FAILED: libopenslide.so.0: cannot open shared object file: No such file or directory
2026-06-19 22:21:59 [ERROR] [slide_H&E_0] FAILED: libopenslide.so.0: cannot open shared object file: No such file or directory
2026-06-19 22:21:59 [ERROR] [slide_H&E_0] FAILED: libopenslide.so.0: cannot open shared object file: No such file or directory
2026-06-19 22:21:59 [ERROR] [slide_H&E_0] FAILED: libopenslide.so.0: cannot open shared object file: No such file or directory
2026-06-19 22:21:59 [ERROR] [slide_H&E_0] FAILED: libopenslide.so.0: cannot open shared object file: No such file or directory
2026-06-19 22:21:59 [ERROR] [slide_H&E_0] FAILED: libopenslide.so.0: cannot open shared object file: No such file or directory
2026-06-19 22:22:00 [ERROR] [slide_H&E_0] FAILED: libopenslide.so.0: cannot open shared object file: No such file or directory
2026-06-19 22:22:00 [ERROR] [slide_H&E_0] FAILED: libopenslide.so.0: cannot open shared object file: No such file or directory
2026-06-19 22:22:00 [ERROR] [slide_H&E_0] FAILED: libopenslide.so.0: cannot open shared object file: No such file or directory
2026-06-19 22:22:00 [ERROR] [slide_H&E_0] FAILED: libopenslide.so.0: cannot open shared object file: No such file or directory
2026-06-19 22:22:00 [ERROR] [slide_H&E_0] FAILED: libopenslide.so.0: cannot open shared object file: No such file or directory
2026-06-19 22:22:00 [ERROR] [slide_H&E_0] FAILED: libopenslide.so.0: cannot open shared object file: No such file or directory
2026-06-19 22:22:00 [ERROR] [slide_H&E_0] FAILED: libopenslide.so.0: cannot open shared object file: No such file or directory
2026-06-19 22:22:00 [ERROR] [slide_H&E_0] FAILED: libopenslide.so.0: cannot open shared object file: No such file or directory
2026-06-19 22:22:00 [ERROR] [slide_H&E_0] FAILED: libopenslide.so.0: cannot open shared object file: No such file or directory
2026-06-19 22:22:00 [ERROR] [slide_H&E_0] FAILED: libopenslide.so.0: cannot open shared object file: No such file or directory
2026-06-19 22:22:00 [ERROR] [slide_H&E_0] FAILED: libopenslide.so.0: cannot open shared object file: No such file or directory
2026-06-19 22:22:00 [ERROR] [slide_H&E_0] FAILED: libopenslide.so.0: cannot open shared object file: No such file or directory
2026-06-19 22:22:00 [ERROR] [slide_H&E_0] FAILED: libopenslide.so.0: cannot open shared object file: No such file or directory
2026-06-19 22:22:00 [ERROR] [slide_H&E_0] FAILED: libopenslide.so.0: cannot open shared object file: No such file or directory
2026-06-19 22:22:00 [ERROR] [slide_H&E_0] FAILED: libopenslide.so.0: cannot open shared object file: No such file or directory
2026-06-19 22:22:00 [ERROR] [slide_H&E_0] FAILED: libopenslide.so.0: cannot open shared object file: No such file or directory
2026-06-19 22:22:00 [ERROR] [slide_H&E_0] FAILED: libopenslide.so.0: cannot open shared object file: No such file or directory
2026-06-19 22:22:00 [ERROR] [slide_H&E_0] FAILED: libopenslide.so.0: cannot open shared object file: No such file or directory
2026-06-19 22:22:00 [ERROR] [slide_H&E_0] FAILED: libopenslide.so.0: cannot open shared object file: No such file or directory
2026-06-19 22:22:00 [ERROR] [slide_H&E_0] FAILED: libopenslide.so.0: cannot open shared object file: No such file or directory
2026-06-19 22:22:00 [ERROR] [slide_H&E_0] FAILED: libopenslide.so.0: cannot open shared object file: No such file or directory
2026-06-19 22:22:00 [ERROR] [slide_H&E_0] FAILED: libopenslide.so.0: cannot open shared object file: No such file or directory
2026-06-19 22:22:00 [ERROR] [slide_H&E_0] FAILED: libopenslide.so.0: cannot open shared object file: No such file or directory
2026-06-19 22:22:00 [ERROR] [slide_H&E_0] FAILED: libopenslide.so.0: cannot open shared object file: No such file or directory
2026-06-19 22:22:00 [ERROR] [slide_H&E_0] FAILED: libopenslide.so.0: cannot open shared object file: No such file or directory
2026-06-19 22:22:00 [ERROR] [slide_H&E_0] FAILED: libopenslide.so.0: cannot open shared object file: No such file or directory
2026-06-19 22:22:00 [ERROR] [slide_H&E_0] FAILED: libopenslide.so.0: cannot open shared object file: No such file or directory
2026-06-19 22:22:00 [ERROR] [slide_H&E_0] FAILED: libopenslide.so.0: cannot open shared object file: No such file or directory
2026-06-19 22:22:00 [ERROR] [slide_H&E_0] FAILED: libopenslide.so.0: cannot open shared object file: No such file or directory
2026-06-19 22:22:00 [ERROR] [slide_H&E_0] FAILED: libopenslide.so.0: cannot open shared object file: No such file or directory
2026-06-19 22:22:00 [ERROR] [slide_H&E_0] FAILED: libopenslide.so.0: cannot open shared object file: No such file or directory
2026-06-19 22:22:00 [ERROR] [slide_H&E_0] FAILED: libopenslide.so.0: cannot open shared object file: No such file or directory
2026-06-19 22:22:00 [ERROR] [slide_H&E_0] FAILED: libopenslide.so.0: cannot open shared object file: No such file or directory
2026-06-19 22:22:00 [ERROR] [slide_H&E_0] FAILED: libopenslide.so.0: cannot open shared object file: No such file or directory
2026-06-19 22:22:00 [ERROR] [slide_H&E_0] FAILED: libopenslide.so.0: cannot open shared object file: No such file or directory
2026-06-19 22:22:00 [ERROR] [slide_H&E_0] FAILED: libopenslide.so.0: cannot open shared object file: No such file or directory
2026-06-19 22:22:00 [ERROR] [slide_H&E_0] FAILED: libopenslide.so.0: cannot open shared object file: No such file or directory
2026-06-19 22:22:00 [ERROR] [slide_H&E_0] FAILED: libopenslide.so.0: cannot open shared object file: No such file or directory
2026-06-19 22:22:00 [ERROR] [slide_H&E_0] FAILED: libopenslide.so.0: cannot open shared object file: No such file or directory
2026-06-19 22:22:00 [ERROR] [slide_H&E_0] FAILED: libopenslide.so.0: cannot open shared object file: No such file or directory
2026-06-19 22:22:00 [ERROR] [slide_H&E_0] FAILED: libopenslide.so.0: cannot open shared object file: No such file or directory
2026-06-19 22:22:00 [ERROR] [slide_H&E_0] FAILED: libopenslide.so.0: cannot open shared object file: No such file or directory
2026-06-19 22:22:00 [ERROR] [slide_H&E_0] FAILED: libopenslide.so.0: cannot open shared object file: No such file or directory
2026-06-19 22:22:00 [ERROR] [slide_H&E_0] FAILED: libopenslide.so.0: cannot open shared object file: No such file or directory
2026-06-19 22:22:00 [ERROR] [slide_H&E_0] FAILED: libopenslide.so.0: cannot open shared object file: No such file or directory
2026-06-19 22:22:00 [ERROR] [slide_H&E_0] FAILED: libopenslide.so.0: cannot open shared object file: No such file or directory
2026-06-19 22:22:00 [ERROR] [slide_H&E_0] FAILED: libopenslide.so.0: cannot open shared object file: No such file or directory
2026-06-19 22:22:00 [ERROR] [slide_H&E_0] FAILED: libopenslide.so.0: cannot open shared object file: No such file or directory
2026-06-19 22:22:00 [ERROR] [slide_H&E_0] FAILED: libopenslide.so.0: cannot open shared object file: No such file or directory
2026-06-19 22:22:00 [ERROR] [slide_H&E_0] FAILED: libopenslide.so.0: cannot open shared object file: No such file or directory
2026-06-19 22:22:00 [ERROR] [slide_H&E_0] FAILED: libopenslide.so.0: cannot open shared object file: No such file or directory
2026-06-19 22:22:00 [ERROR] [slide_H&E_0] FAILED: libopenslide.so.0: cannot open shared object file: No such file or directory
2026-06-19 22:22:00 [ERROR] [slide_H&E_0] FAILED: libopenslide.so.0: cannot open shared object file: No such file or directory
2026-06-19 22:22:00 [ERROR] [slide_H&E_0] FAILED: libopenslide.so.0: cannot open shared object file: No such file or directory
2026-06-19 22:22:00 [ERROR] [slide_H&E_0] FAILED: libopenslide.so.0: cannot open shared object file: No such file or directory
2026-06-19 22:22:00 [ERROR] [slide_H&E_0] FAILED: libopenslide.so.0: cannot open shared object file: No such file or directory
2026-06-19 22:22:00 [ERROR] [slide_H&E_0] FAILED: libopenslide.so.0: cannot open shared object file: No such file or directory
2026-06-19 22:22:00 [ERROR] [slide_H&E_0] FAILED: libopenslide.so.0: cannot open shared object file: No such file or directory
2026-06-19 22:22:00 [ERROR] [slide_H&E_0] FAILED: libopenslide.so.0: cannot open shared object file: No such file or directory
2026-06-19 22:22:00 [ERROR] [slide_H&E_0] FAILED: libopenslide.so.0: cannot open shared object file: No such file or directory
2026-06-19 22:22:00 [ERROR] [slide_H&E_0] FAILED: libopenslide.so.0: cannot open shared object file: No such file or directory
2026-06-19 22:22:00 [ERROR] [slide_H&E_0] FAILED: libopenslide.so.0: cannot open shared object file: No such file or directory
2026-06-19 22:22:00 [ERROR] [slide_H&E_0] FAILED: libopenslide.so.0: cannot open shared object file: No such file or directory
2026-06-19 22:22:00 [ERROR] [slide_H&E_0] FAILED: libopenslide.so.0: cannot open shared object file: No such file or directory
2026-06-19 22:22:00 [ERROR] [slide_H&E_0] FAILED: libopenslide.so.0: cannot open shared object file: No such file or directory
2026-06-19 22:22:00 [ERROR] [slide_H&E_0] FAILED: libopenslide.so.0: cannot open shared object file: No such file or directory
2026-06-19 22:22:00 [ERROR] [slide_H&E_0] FAILED: libopenslide.so.0: cannot open shared object file: No such file or directory
2026-06-19 22:22:00 [ERROR] [slide_H&E_0] FAILED: libopenslide.so.0: cannot open shared object file: No such file or directory
2026-06-19 22:22:00 [ERROR] [slide_H&E_0] FAILED: libopenslide.so.0: cannot open shared object file: No such file or directory
2026-06-19 22:22:00 [ERROR] [slide_H&E_0] FAILED: libopenslide.so.0: cannot open shared object file: No such file or directory
2026-06-19 22:22:00 [ERROR] [slide_H&E_0] FAILED: libopenslide.so.0: cannot open shared object file: No such file or directory
2026-06-19 22:22:00 [ERROR] [slide_H&E_0] FAILED: libopenslide.so.0: cannot open shared object file: No such file or directory
2026-06-19 22:22:00 [ERROR] [slide_H&E_0] FAILED: libopenslide.so.0: cannot open shared object file: No such file or directory
2026-06-19 22:22:00 [ERROR] [slide_H&E_0] FAILED: libopenslide.so.0: cannot open shared object file: No such file or directory
2026-06-19 22:22:00 [ERROR] [slide_H&E_0] FAILED: libopenslide.so.0: cannot open shared object file: No such file or directory
2026-06-19 22:22:00 [ERROR] [slide_H&E_0] FAILED: libopenslide.so.0: cannot open shared object file: No such file or directory
2026-06-19 22:22:00 [ERROR] [slide_H&E_0] FAILED: libopenslide.so.0: cannot open shared object file: No such file or directory
2026-06-19 22:22:00 [ERROR] [slide_H&E_0] FAILED: libopenslide.so.0: cannot open shared object file: No such file or directory
2026-06-19 22:22:00 [ERROR] [slide_H&E_0] FAILED: libopenslide.so.0: cannot open shared object file: No such file or directory
2026-06-19 22:22:00 [ERROR] [slide_H&E_0] FAILED: libopenslide.so.0: cannot open shared object file: No such file or directory
2026-06-19 22:22:00 [ERROR] [slide_H&E_0] FAILED: libopenslide.so.0: cannot open shared object file: No such file or directory
2026-06-19 22:22:00 [ERROR] [slide_H&E_0] FAILED: libopenslide.so.0: cannot open shared object file: No such file or directory
2026-06-19 22:22:00 [ERROR] [slide_H&E_0] FAILED: libopenslide.so.0: cannot open shared object file: No such file or directory
2026-06-19 22:22:00 [ERROR] [slide_H&E_0] FAILED: libopenslide.so.0: cannot open shared object file: No such file or directory
2026-06-19 22:22:00 [ERROR] [slide_H&E_0] FAILED: libopenslide.so.0: cannot open shared object file: No such file or directory
2026-06-19 22:22:00 [ERROR] [slide_H&E_0] FAILED: libopenslide.so.0: cannot open shared object file: No such file or directory
2026-06-19 22:22:00 [ERROR] [slide_H&E_0] FAILED: libopenslide.so.0: cannot open shared object file: No such file or directory
2026-06-19 22:22:00 [ERROR] [slide_H&E_0] FAILED: libopenslide.so.0: cannot open shared object file: No such file or directory
2026-06-19 22:22:00 [ERROR] [slide_H&E_0] FAILED: libopenslide.so.0: cannot open shared object file: No such file or directory
2026-06-19 22:22:00 [ERROR] [slide_H&E_0] FAILED: libopenslide.so.0: cannot open shared object file: No such file or directory
2026-06-19 22:22:00 [ERROR] [slide_H&E_0] FAILED: libopenslide.so.0: cannot open shared object file: No such file or directory
2026-06-19 22:22:00 [ERROR] [slide_H&E_0] FAILED: libopenslide.so.0: cannot open shared object file: No such file or directory
2026-06-19 22:22:00 [ERROR] [slide_H&E_0] FAILED: libopenslide.so.0: cannot open shared object file: No such file or directory
2026-06-19 22:22:00 [ERROR] [slide_H&E_0] FAILED: libopenslide.so.0: cannot open shared object file: No such file or directory
2026-06-19 22:22:00 [ERROR] [slide_H&E_0] FAILED: libopenslide.so.0: cannot open shared object file: No such file or directory
2026-06-19 22:22:00 [ERROR] [slide_H&E_0] FAILED: libopenslide.so.0: cannot open shared object file: No such file or directory
2026-06-19 22:22:00 [ERROR] [slide_H&E_0] FAILED: libopenslide.so.0: cannot open shared object file: No such file or directory
2026-06-19 22:22:00 [ERROR] [slide_H&E_0] FAILED: libopenslide.so.0: cannot open shared object file: No such file or directory
2026-06-19 22:22:00 [ERROR] [slide_H&E_0] FAILED: libopenslide.so.0: cannot open shared object file: No such file or directory
2026-06-19 22:22:00 [ERROR] [slide_H&E_0] FAILED: libopenslide.so.0: cannot open shared object file: No such file or directory
2026-06-19 22:22:00 [ERROR] [slide_H&E_0] FAILED: libopenslide.so.0: cannot open shared object file: No such file or directory
2026-06-19 22:22:00 [ERROR] [slide_H&E_0] FAILED: libopenslide.so.0: cannot open shared object file: No such file or directory
2026-06-19 22:22:00 [ERROR] [slide_H&E_0] FAILED: libopenslide.so.0: cannot open shared object file: No such file or directory
2026-06-19 22:22:00 [ERROR] [slide_H&E_0] FAILED: libopenslide.so.0: cannot open shared object file: No such file or directory
2026-06-19 22:22:00 [ERROR] [slide_H&E_0] FAILED: libopenslide.so.0: cannot open shared object file: No such file or directory
2026-06-19 22:22:00 [ERROR] [slide_H&E_0] FAILED: libopenslide.so.0: cannot open shared object file: No such file or directory
2026-06-19 22:22:00 [ERROR] [slide_H&E_0] FAILED: libopenslide.so.0: cannot open shared object file: No such file or directory
2026-06-19 22:22:00 [ERROR] [slide_H&E_0] FAILED: libopenslide.so.0: cannot open shared object file: No such file or directory
2026-06-19 22:22:00 [ERROR] [slide_H&E_0] FAILED: libopenslide.so.0: cannot open shared object file: No such file or directory
2026-06-19 22:22:00 [ERROR] [slide_H&E_0] FAILED: libopenslide.so.0: cannot open shared object file: No such file or directory
2026-06-19 22:22:00 [ERROR] [slide_H&E_0] FAILED: libopenslide.so.0: cannot open shared object file: No such file or directory
2026-06-19 22:22:00 [ERROR] [slide_H&E_0] FAILED: libopenslide.so.0: cannot open shared object file: No such file or directory
2026-06-19 22:22:00 [ERROR] [slide_H&E_0] FAILED: libopenslide.so.0: cannot open shared object file: No such file or directory
2026-06-19 22:22:00 [ERROR] [slide_H&E_0] FAILED: libopenslide.so.0: cannot open shared object file: No such file or directory
2026-06-19 22:22:00 [ERROR] [slide_H&E_0] FAILED: libopenslide.so.0: cannot open shared object file: No such file or directory
2026-06-19 22:22:00 [ERROR] [slide_H&E_0] FAILED: libopenslide.so.0: cannot open shared object file: No such file or directory
2026-06-19 22:22:00 [ERROR] [slide_H&E_0] FAILED: libopenslide.so.0: cannot open shared object file: No such file or directory
2026-06-19 22:22:00 [ERROR] [slide_H&E_0] FAILED: libopenslide.so.0: cannot open shared object file: No such file or directory
2026-06-19 22:22:00 [ERROR] [slide_H&E_0] FAILED: libopenslide.so.0: cannot open shared object file: No such file or directory
2026-06-19 22:22:00 [ERROR] [slide_H&E_0] FAILED: libopenslide.so.0: cannot open shared object file: No such file or directory
2026-06-19 22:22:00 [ERROR] [slide_H&E_0] FAILED: libopenslide.so.0: cannot open shared object file: No such file or directory
2026-06-19 22:22:00 [ERROR] [slide_H&E_0] FAILED: libopenslide.so.0: cannot open shared object file: No such file or directory
2026-06-19 22:22:00 [ERROR] [slide_H&E_0] FAILED: libopenslide.so.0: cannot open shared object file: No such file or directory
2026-06-19 22:22:00 [ERROR] [slide_H&E_0] FAILED: libopenslide.so.0: cannot open shared object file: No such file or directory
2026-06-19 22:22:00 [ERROR] [slide_H&E_0] FAILED: libopenslide.so.0: cannot open shared object file: No such file or directory
2026-06-19 22:22:00 [ERROR] [slide_H&E_0] FAILED: libopenslide.so.0: cannot open shared object file: No such file or directory
2026-06-19 22:22:00 [ERROR] [slide_H&E_0] FAILED: libopenslide.so.0: cannot open shared object file: No such file or directory
2026-06-19 22:22:00 [ERROR] [slide_H&E_0] FAILED: libopenslide.so.0: cannot open shared object file: No such file or directory
2026-06-19 22:22:00 [ERROR] [slide_H&E_0] FAILED: libopenslide.so.0: cannot open shared object file: No such file or directory
2026-06-19 22:22:00 [ERROR] [slide_H&E_0] FAILED: libopenslide.so.0: cannot open shared object file: No such file or directory
2026-06-19 22:22:00 [ERROR] [slide_H&E_0] FAILED: libopenslide.so.0: cannot open shared object file: No such file or directory
2026-06-19 22:22:00 [ERROR] [slide_H&E_0] FAILED: libopenslide.so.0: cannot open shared object file: No such file or directory
2026-06-19 22:22:00 [ERROR] [slide_H&E_0] FAILED: libopenslide.so.0: cannot open shared object file: No such file or directory
2026-06-19 22:22:00 [ERROR] [slide_H&E_0] FAILED: libopenslide.so.0: cannot open shared object file: No such file or directory
2026-06-19 22:22:00 [ERROR] [slide_H&E_0] FAILED: libopenslide.so.0: cannot open shared object file: No such file or directory
2026-06-19 22:22:00 [ERROR] [slide_H&E_0] FAILED: libopenslide.so.0: cannot open shared object file: No such file or directory
2026-06-19 22:22:00 [ERROR] [slide_H&E_0] FAILED: libopenslide.so.0: cannot open shared object file: No such file or directory
2026-06-19 22:22:00 [ERROR] [slide_H&E_0] FAILED: libopenslide.so.0: cannot open shared object file: No such file or directory
2026-06-19 22:22:00 [ERROR] [slide_H&E_0] FAILED: libopenslide.so.0: cannot open shared object file: No such file or directory
2026-06-19 22:22:00 [ERROR] [slide_H&E_0] FAILED: libopenslide.so.0: cannot open shared object file: No such file or directory
2026-06-19 22:22:00 [ERROR] [slide_H&E_0] FAILED: libopenslide.so.0: cannot open shared object file: No such file or directory
2026-06-19 22:22:00 [ERROR] [slide_H&E_0] FAILED: libopenslide.so.0: cannot open shared object file: No such file or directory
2026-06-19 22:22:00 [ERROR] [slide_H&E_0] FAILED: libopenslide.so.0: cannot open shared object file: No such file or directory
2026-06-19 22:22:00 [ERROR] [slide_H&E_0] FAILED: libopenslide.so.0: cannot open shared object file: No such file or directory
2026-06-19 22:22:00 [ERROR] [slide_H&E_0] FAILED: libopenslide.so.0: cannot open shared object file: No such file or directory
2026-06-19 22:22:00 [ERROR] [slide_H&E_0] FAILED: libopenslide.so.0: cannot open shared object file: No such file or directory
2026-06-19 22:22:00 [ERROR] [slide_H&E_0] FAILED: libopenslide.so.0: cannot open shared object file: No such file or directory
2026-06-19 22:22:00 [ERROR] [slide_H&E_0] FAILED: libopenslide.so.0: cannot open shared object file: No such file or directory
2026-06-19 22:22:00 [ERROR] [slide_H&E_0] FAILED: libopenslide.so.0: cannot open shared object file: No such file or directory
2026-06-19 22:22:00 [ERROR] [slide_H&E_0] FAILED: libopenslide.so.0: cannot open shared object file: No such file or directory
2026-06-19 22:22:00 [ERROR] [slide_H&E_0] FAILED: libopenslide.so.0: cannot open shared object file: No such file or directory
2026-06-19 22:22:00 [ERROR] [slide_H&E_0] FAILED: libopenslide.so.0: cannot open shared object file: No such file or directory
2026-06-19 22:22:00 [ERROR] [slide_H&E_0] FAILED: libopenslide.so.0: cannot open shared object file: No such file or directory
2026-06-19 22:22:00 [ERROR] [slide_H&E_0] FAILED: libopenslide.so.0: cannot open shared object file: No such file or directory
2026-06-19 22:22:00 [ERROR] [slide_H&E_0] FAILED: libopenslide.so.0: cannot open shared object file: No such file or directory
2026-06-19 22:22:00 [ERROR] [slide_H&E_0] FAILED: libopenslide.so.0: cannot open shared object file: No such file or directory
2026-06-19 22:22:00 [ERROR] [slide_H&E_0] FAILED: libopenslide.so.0: cannot open shared object file: No such file or directory
2026-06-19 22:22:00 [ERROR] [slide_H&E_0] FAILED: libopenslide.so.0: cannot open shared object file: No such file or directory
2026-06-19 22:22:00 [ERROR] [slide_H&E_0] FAILED: libopenslide.so.0: cannot open shared object file: No such file or directory
2026-06-19 22:22:00 [ERROR] [slide_H&E_0] FAILED: libopenslide.so.0: cannot open shared object file: No such file or directory
2026-06-19 22:22:00 [ERROR] [slide_H&E_0] FAILED: libopenslide.so.0: cannot open shared object file: No such file or directory
2026-06-19 22:22:00 [ERROR] [slide_H&E_0] FAILED: libopenslide.so.0: cannot open shared object file: No such file or directory
2026-06-19 22:22:00 [ERROR] [slide_H&E_0] FAILED: libopenslide.so.0: cannot open shared object file: No such file or directory
2026-06-19 22:22:00 [ERROR] [slide_H&E_0] FAILED: libopenslide.so.0: cannot open shared object file: No such file or directory
2026-06-19 22:22:00 [ERROR] [slide_H&E_0] FAILED: libopenslide.so.0: cannot open shared object file: No such file or directory
2026-06-19 22:22:00 [ERROR] [slide_H&E_0] FAILED: libopenslide.so.0: cannot open shared object file: No such file or directory
2026-06-19 22:22:00 [ERROR] [slide_H&E_0] FAILED: libopenslide.so.0: cannot open shared object file: No such file or directory
2026-06-19 22:22:00 [ERROR] [slide_H&E_0] FAILED: libopenslide.so.0: cannot open shared object file: No such file or directory
2026-06-19 22:22:00 [ERROR] [slide_H&E_0] FAILED: libopenslide.so.0: cannot open shared object file: No such file or directory
2026-06-19 22:22:00 [ERROR] [slide_H&E_0] FAILED: libopenslide.so.0: cannot open shared object file: No such file or directory
2026-06-19 22:22:00 [ERROR] [slide_H&E_0] FAILED: libopenslide.so.0: cannot open shared object file: No such file or directory
2026-06-19 22:22:00 [ERROR] [slide_H&E_0] FAILED: libopenslide.so.0: cannot open shared object file: No such file or directory
2026-06-19 22:22:00 [ERROR] [slide_H&E_0] FAILED: libopenslide.so.0: cannot open shared object file: No such file or directory
2026-06-19 22:22:00 [ERROR] [slide_H&E_0] FAILED: libopenslide.so.0: cannot open shared object file: No such file or directory
2026-06-19 22:22:00 [ERROR] [slide_H&E_0] FAILED: libopenslide.so.0: cannot open shared object file: No such file or directory
2026-06-19 22:22:00 [ERROR] [slide_H&E_0] FAILED: libopenslide.so.0: cannot open shared object file: No such file or directory
2026-06-19 22:22:00 [ERROR] [slide_H&E_0] FAILED: libopenslide.so.0: cannot open shared object file: No such file or directory
2026-06-19 22:22:00 [ERROR] [slide_H&E_0] FAILED: libopenslide.so.0: cannot open shared object file: No such file or directory
2026-06-19 22:22:00 [ERROR] [slide_H&E_0] FAILED: libopenslide.so.0: cannot open shared object file: No such file or directory
2026-06-19 22:22:00 [ERROR] [slide_H&E_0] FAILED: libopenslide.so.0: cannot open shared object file: No such file or directory
2026-06-19 22:22:00 [ERROR] [slide_H&E_0] FAILED: libopenslide.so.0: cannot open shared object file: No such file or directory
2026-06-19 22:22:00 [ERROR] [slide_H&E_0] FAILED: libopenslide.so.0: cannot open shared object file: No such file or directory
2026-06-19 22:22:00 [ERROR] [slide_H&E_0] FAILED: libopenslide.so.0: cannot open shared object file: No such file or directory
2026-06-19 22:22:00 [ERROR] [slide_H&E_0] FAILED: libopenslide.so.0: cannot open shared object file: No such file or directory
2026-06-19 22:22:00 [ERROR] [slide_H&E_0] FAILED: libopenslide.so.0: cannot open shared object file: No such file or directory
2026-06-19 22:22:00 [ERROR] [slide_H&E_0] FAILED: libopenslide.so.0: cannot open shared object file: No such file or directory
2026-06-19 22:22:00 [ERROR] [slide_H&E_0] FAILED: libopenslide.so.0: cannot open shared object file: No such file or directory
2026-06-19 22:22:00 [ERROR] [slide_H&E_0] FAILED: libopenslide.so.0: cannot open shared object file: No such file or directory
2026-06-19 22:22:00 [ERROR] [slide_H&E_0] FAILED: libopenslide.so.0: cannot open shared object file: No such file or directory
2026-06-19 22:22:00 [ERROR] [slide_H&E_0] FAILED: libopenslide.so.0: cannot open shared object file: No such file or directory
2026-06-19 22:22:00 [ERROR] [slide_H&E_0] FAILED: libopenslide.so.0: cannot open shared object file: No such file or directory
2026-06-19 22:22:00 [ERROR] [slide_H&E_0] FAILED: libopenslide.so.0: cannot open shared object file: No such file or directory
2026-06-19 22:22:00 [ERROR] [slide_H&E_0] FAILED: libopenslide.so.0: cannot open shared object file: No such file or directory
2026-06-19 22:22:00 [ERROR] [slide_H&E_0] FAILED: libopenslide.so.0: cannot open shared object file: No such file or directory
2026-06-19 22:22:00 [ERROR] [slide_H&E_0] FAILED: libopenslide.so.0: cannot open shared object file: No such file or directory
2026-06-19 22:22:00 [ERROR] [slide_H&E_0] FAILED: libopenslide.so.0: cannot open shared object file: No such file or directory
2026-06-19 22:22:00 [ERROR] [slide_H&E_0] FAILED: libopenslide.so.0: cannot open shared object file: No such file or directory
2026-06-19 22:22:00 [ERROR] [slide_H&E_0] FAILED: libopenslide.so.0: cannot open shared object file: No such file or directory
2026-06-19 22:22:00 [ERROR] [slide_H&E_0] FAILED: libopenslide.so.0: cannot open shared object file: No such file or directory
2026-06-19 22:22:00 [ERROR] [slide_H&E_0] FAILED: libopenslide.so.0: cannot open shared object file: No such file or directory
2026-06-19 22:22:00 [ERROR] [slide_H&E_0] FAILED: libopenslide.so.0: cannot open shared object file: No such file or directory
2026-06-19 22:22:00 [ERROR] [slide_H&E_0] FAILED: libopenslide.so.0: cannot open shared object file: No such file or directory
2026-06-19 22:22:00 [ERROR] [slide_H&E_0] FAILED: libopenslide.so.0: cannot open shared object file: No such file or directory
2026-06-19 22:22:00 [ERROR] [slide_H&E_0] FAILED: libopenslide.so.0: cannot open shared object file: No such file or directory
2026-06-19 22:22:00 [ERROR] [slide_H&E_0] FAILED: libopenslide.so.0: cannot open shared object file: No such file or directory
2026-06-19 22:22:00 [ERROR] [slide_H&E_0] FAILED: libopenslide.so.0: cannot open shared object file: No such file or directory
2026-06-19 22:22:00 [ERROR] [slide_H&E_0] FAILED: libopenslide.so.0: cannot open shared object file: No such file or directory
2026-06-19 22:22:00 [ERROR] [slide_H&E_0] FAILED: libopenslide.so.0: cannot open shared object file: No such file or directory
2026-06-19 22:22:00 [ERROR] [slide_H&E_0] FAILED: libopenslide.so.0: cannot open shared object file: No such file or directory
2026-06-19 22:22:00 [ERROR] [slide_H&E_0] FAILED: libopenslide.so.0: cannot open shared object file: No such file or directory
2026-06-19 22:22:00 [ERROR] [slide_H&E_0] FAILED: libopenslide.so.0: cannot open shared object file: No such file or directory
2026-06-19 22:22:00 [ERROR] [slide_H&E_0] FAILED: libopenslide.so.0: cannot open shared object file: No such file or directory
2026-06-19 22:22:00 [ERROR] [slide_H&E_0] FAILED: libopenslide.so.0: cannot open shared object file: No such file or directory
2026-06-19 22:22:00 [ERROR] [slide_H&E_0] FAILED: libopenslide.so.0: cannot open shared object file: No such file or directory
2026-06-19 22:22:00 [ERROR] [slide_H&E_0] FAILED: libopenslide.so.0: cannot open shared object file: No such file or directory
2026-06-19 22:22:00 [ERROR] [slide_H&E_0] FAILED: libopenslide.so.0: cannot open shared object file: No such file or directory
2026-06-19 22:22:00 [ERROR] [slide_H&E_0] FAILED: libopenslide.so.0: cannot open shared object file: No such file or directory
2026-06-19 22:22:00 [ERROR] [slide_H&E_0] FAILED: libopenslide.so.0: cannot open shared object file: No such file or directory
2026-06-19 22:22:00 [ERROR] [slide_H&E_0] FAILED: libopenslide.so.0: cannot open shared object file: No such file or directory
2026-06-19 22:22:00 [ERROR] [slide_H&E_0] FAILED: libopenslide.so.0: cannot open shared object file: No such file or directory
2026-06-19 22:22:00 [ERROR] [slide_H&E_0] FAILED: libopenslide.so.0: cannot open shared object file: No such file or directory
2026-06-19 22:22:00 [ERROR] [slide_H&E_0] FAILED: libopenslide.so.0: cannot open shared object file: No such file or directory
2026-06-19 22:22:00 [ERROR] [slide_H&E_0] FAILED: libopenslide.so.0: cannot open shared object file: No such file or directory
2026-06-19 22:22:00 [ERROR] [slide_H&E_0] FAILED: libopenslide.so.0: cannot open shared object file: No such file or directory
2026-06-19 22:22:00 [ERROR] [slide_H&E_0] FAILED: libopenslide.so.0: cannot open shared object file: No such file or directory
2026-06-19 22:22:00 [ERROR] [slide_H&E_0] FAILED: libopenslide.so.0: cannot open shared object file: No such file or directory
2026-06-19 22:22:00 [ERROR] [slide_H&E_0] FAILED: libopenslide.so.0: cannot open shared object file: No such file or directory
2026-06-19 22:22:00 [ERROR] [slide_H&E_0] FAILED: libopenslide.so.0: cannot open shared object file: No such file or directory
2026-06-19 22:22:00 [ERROR] [slide_H&E_0] FAILED: libopenslide.so.0: cannot open shared object file: No such file or directory
2026-06-19 22:22:00 [ERROR] [slide_H&E_0] FAILED: libopenslide.so.0: cannot open shared object file: No such file or directory
2026-06-19 22:22:00 [ERROR] [slide_H&E_0] FAILED: libopenslide.so.0: cannot open shared object file: No such file or directory
2026-06-19 22:22:00 [ERROR] [slide_H&E_0] FAILED: libopenslide.so.0: cannot open shared object file: No such file or directory
2026-06-19 22:22:00 [ERROR] [slide_H&E_0] FAILED: libopenslide.so.0: cannot open shared object file: No such file or directory
2026-06-19 22:22:00 [ERROR] [slide_H&E_0] FAILED: libopenslide.so.0: cannot open shared object file: No such file or directory
2026-06-19 22:22:00 [ERROR] [slide_H&E_0] FAILED: libopenslide.so.0: cannot open shared object file: No such file or directory
2026-06-19 22:22:00 [ERROR] [slide_H&E_0] FAILED: libopenslide.so.0: cannot open shared object file: No such file or directory
2026-06-19 22:22:00 [ERROR] [slide_H&E_0] FAILED: libopenslide.so.0: cannot open shared object file: No such file or directory
2026-06-19 22:22:00 [ERROR] [slide_H&E_0] FAILED: libopenslide.so.0: cannot open shared object file: No such file or directory
2026-06-19 22:22:00 [ERROR] [slide_H&E_0] FAILED: libopenslide.so.0: cannot open shared object file: No such file or directory
2026-06-19 22:22:00 [ERROR] [slide_H&E_0] FAILED: libopenslide.so.0: cannot open shared object file: No such file or directory
2026-06-19 22:22:00 [ERROR] [slide_H&E_0] FAILED: libopenslide.so.0: cannot open shared object file: No such file or directory
2026-06-19 22:22:00 [ERROR] [slide_H&E_0] FAILED: libopenslide.so.0: cannot open shared object file: No such file or directory
2026-06-19 22:22:00 [ERROR] [slide_H&E_0] FAILED: libopenslide.so.0: cannot open shared object file: No such file or directory
2026-06-19 22:22:00 [ERROR] [slide_H&E_0] FAILED: libopenslide.so.0: cannot open shared object file: No such file or directory
2026-06-19 22:22:00 [ERROR] [slide_H&E_0] FAILED: libopenslide.so.0: cannot open shared object file: No such file or directory
2026-06-19 22:22:00 [ERROR] [slide_H&E_0] FAILED: libopenslide.so.0: cannot open shared object file: No such file or directory
2026-06-19 22:22:00 [ERROR] [slide_H&E_0] FAILED: libopenslide.so.0: cannot open shared object file: No such file or directory
2026-06-19 22:22:00 [ERROR] [slide_H&E_0] FAILED: libopenslide.so.0: cannot open shared object file: No such file or directory
2026-06-19 22:22:00 [ERROR] [slide_H&E_0] FAILED: libopenslide.so.0: cannot open shared object file: No such file or directory
2026-06-19 22:22:00 [ERROR] [slide_H&E_0] FAILED: libopenslide.so.0: cannot open shared object file: No such file or directory
2026-06-19 22:22:00 [ERROR] [slide_H&E_0] FAILED: libopenslide.so.0: cannot open shared object file: No such file or directory
2026-06-19 22:22:00 [ERROR] [slide_H&E_0] FAILED: libopenslide.so.0: cannot open shared object file: No such file or directory
2026-06-19 22:22:00 [ERROR] [slide_H&E_0] FAILED: libopenslide.so.0: cannot open shared object file: No such file or directory
2026-06-19 22:22:00 [ERROR] [slide_H&E_0] FAILED: libopenslide.so.0: cannot open shared object file: No such file or directory
2026-06-19 22:22:00 [ERROR] [slide_H&E_0] FAILED: libopenslide.so.0: cannot open shared object file: No such file or directory
2026-06-19 22:22:00 [ERROR] [slide_H&E_0] FAILED: libopenslide.so.0: cannot open shared object file: No such file or directory
2026-06-19 22:22:00 [ERROR] [slide_H&E_0] FAILED: libopenslide.so.0: cannot open shared object file: No such file or directory
2026-06-19 22:22:00 [ERROR] [slide_H&E_0] FAILED: libopenslide.so.0: cannot open shared object file: No such file or directory
2026-06-19 22:22:00 [ERROR] [slide_H&E_0] FAILED: libopenslide.so.0: cannot open shared object file: No such file or directory
2026-06-19 22:22:00 [ERROR] [slide_H&E_0] FAILED: libopenslide.so.0: cannot open shared object file: No such file or directory
2026-06-19 22:22:00 [ERROR] [slide_H&E_0] FAILED: libopenslide.so.0: cannot open shared object file: No such file or directory
2026-06-19 22:22:00 [ERROR] [slide_H&E_0] FAILED: libopenslide.so.0: cannot open shared object file: No such file or directory
2026-06-19 22:22:00 [ERROR] [slide_H&E_0] FAILED: libopenslide.so.0: cannot open shared object file: No such file or directory
2026-06-19 22:22:00 [ERROR] [slide_H&E_0] FAILED: libopenslide.so.0: cannot open shared object file: No such file or directory
2026-06-19 22:22:00 [ERROR] [slide_H&E_0] FAILED: libopenslide.so.0: cannot open shared object file: No such file or directory
2026-06-19 22:22:00 [ERROR] [slide_H&E_0] FAILED: libopenslide.so.0: cannot open shared object file: No such file or directory
2026-06-19 22:22:00 [ERROR] [slide_H&E_0] FAILED: libopenslide.so.0: cannot open shared object file: No such file or directory
2026-06-19 22:22:00 [ERROR] [slide_H&E_0] FAILED: libopenslide.so.0: cannot open shared object file: No such file or directory
2026-06-19 22:22:00 [ERROR] [slide_H&E_0] FAILED: libopenslide.so.0: cannot open shared object file: No such file or directory
2026-06-19 22:22:00 [ERROR] [slide_H&E_0] FAILED: libopenslide.so.0: cannot open shared object file: No such file or directory
2026-06-19 22:22:00 [ERROR] [slide_H&E_0] FAILED: libopenslide.so.0: cannot open shared object file: No such file or directory
2026-06-19 22:22:00 [ERROR] [slide_H&E_0] FAILED: libopenslide.so.0: cannot open shared object file: No such file or directory
2026-06-19 22:22:00 [ERROR] [slide_H&E_0] FAILED: libopenslide.so.0: cannot open shared object file: No such file or directory
2026-06-19 22:22:00 [ERROR] [slide_H&E_0] FAILED: libopenslide.so.0: cannot open shared object file: No such file or directory
2026-06-19 22:22:00 [ERROR] [slide_H&E_0] FAILED: libopenslide.so.0: cannot open shared object file: No such file or directory
2026-06-19 22:22:00 [ERROR] [slide_H&E_0] FAILED: libopenslide.so.0: cannot open shared object file: No such file or directory
2026-06-19 22:22:00 [ERROR] [slide_H&E_0] FAILED: libopenslide.so.0: cannot open shared object file: No such file or directory
2026-06-19 22:22:00 [ERROR] [slide_H&E_0] FAILED: libopenslide.so.0: cannot open shared object file: No such file or directory
2026-06-19 22:22:00 [ERROR] [slide_H&E_0] FAILED: libopenslide.so.0: cannot open shared object file: No such file or directory
2026-06-19 22:22:00 [ERROR] [slide_H&E_0] FAILED: libopenslide.so.0: cannot open shared object file: No such file or directory
2026-06-19 22:22:00 [ERROR] [slide_H&E_0] FAILED: libopenslide.so.0: cannot open shared object file: No such file or directory
2026-06-19 22:22:00 [ERROR] [slide_H&E_0] FAILED: libopenslide.so.0: cannot open shared object file: No such file or directory
2026-06-19 22:22:00 [ERROR] [slide_H&E_0] FAILED: libopenslide.so.0: cannot open shared object file: No such file or directory
2026-06-19 22:22:00 [ERROR] [slide_H&E_0] FAILED: libopenslide.so.0: cannot open shared object file: No such file or directory
2026-06-19 22:22:00 [ERROR] [slide_H&E_0] FAILED: libopenslide.so.0: cannot open shared object file: No such file or directory
2026-06-19 22:22:00 [ERROR] [slide_H&E_0] FAILED: libopenslide.so.0: cannot open shared object file: No such file or directory
2026-06-19 22:22:00 [ERROR] [slide_H&E_0] FAILED: libopenslide.so.0: cannot open shared object file: No such file or directory
2026-06-19 22:22:00 [ERROR] [slide_H&E_0] FAILED: libopenslide.so.0: cannot open shared object file: No such file or directory
2026-06-19 22:22:00 [ERROR] [slide_H&E_0] FAILED: libopenslide.so.0: cannot open shared object file: No such file or directory
2026-06-19 22:22:00 [ERROR] [slide_H&E_0] FAILED: libopenslide.so.0: cannot open shared object file: No such file or directory
2026-06-19 22:22:00 [ERROR] [slide_H&E_0] FAILED: libopenslide.so.0: cannot open shared object file: No such file or directory
2026-06-19 22:22:00 [ERROR] [slide_H&E_0] FAILED: libopenslide.so.0: cannot open shared object file: No such file or directory
2026-06-19 22:22:00 [ERROR] [slide_H&E_0] FAILED: libopenslide.so.0: cannot open shared object file: No such file or directory
2026-06-19 22:22:00 [ERROR] [slide_H&E_0] FAILED: libopenslide.so.0: cannot open shared object file: No such file or directory
2026-06-19 22:22:00 [ERROR] [slide_H&E_0] FAILED: libopenslide.so.0: cannot open shared object file: No such file or directory
2026-06-19 22:22:00 [ERROR] [slide_H&E_0] FAILED: libopenslide.so.0: cannot open shared object file: No such file or directory
2026-06-19 22:22:00 [ERROR] [slide_H&E_0] FAILED: libopenslide.so.0: cannot open shared object file: No such file or directory
2026-06-19 22:22:00 [ERROR] [slide_H&E_0] FAILED: libopenslide.so.0: cannot open shared object file: No such file or directory
2026-06-19 22:22:00 [ERROR] [slide_H&E_0] FAILED: libopenslide.so.0: cannot open shared object file: No such file or directory
2026-06-19 22:22:00 [ERROR] [slide_H&E_0] FAILED: libopenslide.so.0: cannot open shared object file: No such file or directory
2026-06-19 22:22:00 [ERROR] [slide_H&E_0] FAILED: libopenslide.so.0: cannot open shared object file: No such file or directory
2026-06-19 22:22:00 [ERROR] [slide_H&E_0] FAILED: libopenslide.so.0: cannot open shared object file: No such file or directory
2026-06-19 22:22:00 [ERROR] [slide_H&E_0] FAILED: libopenslide.so.0: cannot open shared object file: No such file or directory
2026-06-19 22:22:00 [ERROR] [slide_H&E_0] FAILED: libopenslide.so.0: cannot open shared object file: No such file or directory
2026-06-19 22:22:00 [ERROR] [slide_H&E_0] FAILED: libopenslide.so.0: cannot open shared object file: No such file or directory
2026-06-19 22:22:00 [ERROR] [slide_H&E_0] FAILED: libopenslide.so.0: cannot open shared object file: No such file or directory
2026-06-19 22:22:00 [ERROR] [slide_H&E_0] FAILED: libopenslide.so.0: cannot open shared object file: No such file or directory
2026-06-19 22:22:00 [ERROR] [slide_H&E_0] FAILED: libopenslide.so.0: cannot open shared object file: No such file or directory
2026-06-19 22:22:00 [ERROR] [slide_H&E_0] FAILED: libopenslide.so.0: cannot open shared object file: No such file or directory
2026-06-19 22:22:00 [ERROR] [slide_H&E_0] FAILED: libopenslide.so.0: cannot open shared object file: No such file or directory
2026-06-19 22:22:00 [ERROR] [slide_H&E_0] FAILED: libopenslide.so.0: cannot open shared object file: No such file or directory
2026-06-19 22:22:00 [ERROR] [slide_H&E_0] FAILED: libopenslide.so.0: cannot open shared object file: No such file or directory
2026-06-19 22:22:00 [ERROR] [slide_H&E_0] FAILED: libopenslide.so.0: cannot open shared object file: No such file or directory
2026-06-19 22:22:00 [ERROR] [slide_H&E_0] FAILED: libopenslide.so.0: cannot open shared object file: No such file or directory
2026-06-19 22:22:00 [ERROR] [slide_H&E_0] FAILED: libopenslide.so.0: cannot open shared object file: No such file or directory
2026-06-19 22:22:00 [ERROR] [slide_H&E_0] FAILED: libopenslide.so.0: cannot open shared object file: No such file or directory
2026-06-19 22:22:00 [ERROR] [slide_H&E_0] FAILED: libopenslide.so.0: cannot open shared object file: No such file or directory
2026-06-19 22:22:00 [ERROR] [slide_H&E_0] FAILED: libopenslide.so.0: cannot open shared object file: No such file or directory
2026-06-19 22:22:00 [ERROR] [slide_H&E_0] FAILED: libopenslide.so.0: cannot open shared object file: No such file or directory
2026-06-19 22:22:00 [ERROR] [slide_H&E_0] FAILED: libopenslide.so.0: cannot open shared object file: No such file or directory
2026-06-19 22:22:00 [ERROR] [slide_H&E_0] FAILED: libopenslide.so.0: cannot open shared object file: No such file or directory
2026-06-19 22:22:00 [ERROR] [slide_H&E_0] FAILED: libopenslide.so.0: cannot open shared object file: No such file or directory
2026-06-19 22:22:00 [ERROR] [slide_H&E_0] FAILED: libopenslide.so.0: cannot open shared object file: No such file or directory
2026-06-19 22:22:00 [ERROR] [slide_H&E_0] FAILED: libopenslide.so.0: cannot open shared object file: No such file or directory
2026-06-19 22:22:00 [ERROR] [slide_H&E_0] FAILED: libopenslide.so.0: cannot open shared object file: No such file or directory
2026-06-19 22:22:00 [ERROR] [slide_H&E_0] FAILED: libopenslide.so.0: cannot open shared object file: No such file or directory
2026-06-19 22:22:00 [ERROR] [slide_H&E_0] FAILED: libopenslide.so.0: cannot open shared object file: No such file or directory
2026-06-19 22:22:00 [ERROR] [slide_H&E_0] FAILED: libopenslide.so.0: cannot open shared object file: No such file or directory
2026-06-19 22:22:00 [ERROR] [slide_H&E_0] FAILED: libopenslide.so.0: cannot open shared object file: No such file or directory
2026-06-19 22:22:00 [ERROR] [slide_H&E_0] FAILED: libopenslide.so.0: cannot open shared object file: No such file or directory
2026-06-19 22:22:00 [ERROR] [slide_H&E_0] FAILED: libopenslide.so.0: cannot open shared object file: No such file or directory
2026-06-19 22:22:00 [ERROR] [slide_H&E_0] FAILED: libopenslide.so.0: cannot open shared object file: No such file or directory
2026-06-19 22:22:00 [ERROR] [slide_H&E_0] FAILED: libopenslide.so.0: cannot open shared object file: No such file or directory
2026-06-19 22:22:00 [ERROR] [slide_H&E_0] FAILED: libopenslide.so.0: cannot open shared object file: No such file or directory
2026-06-19 22:22:00 [ERROR] [slide_H&E_0] FAILED: libopenslide.so.0: cannot open shared object file: No such file or directory
2026-06-19 22:22:00 [ERROR] [slide_H&E_0] FAILED: libopenslide.so.0: cannot open shared object file: No such file or directory
2026-06-19 22:22:00 [ERROR] [slide_H&E_0] FAILED: libopenslide.so.0: cannot open shared object file: No such file or directory
2026-06-19 22:22:00 [ERROR] [slide_H&E_0] FAILED: libopenslide.so.0: cannot open shared object file: No such file or directory
2026-06-19 22:22:00 [ERROR] [slide_H&E_0] FAILED: libopenslide.so.0: cannot open shared object file: No such file or directory
2026-06-19 22:22:00 [ERROR] [slide_H&E_0] FAILED: libopenslide.so.0: cannot open shared object file: No such file or directory
2026-06-19 22:22:00 [ERROR] [slide_H&E_0] FAILED: libopenslide.so.0: cannot open shared object file: No such file or directory
2026-06-19 22:22:00 [ERROR] [slide_H&E_0] FAILED: libopenslide.so.0: cannot open shared object file: No such file or directory
2026-06-19 22:22:00 [ERROR] [slide_H&E_0] FAILED: libopenslide.so.0: cannot open shared object file: No such file or directory
2026-06-19 22:22:00 [ERROR] [slide_H&E_0] FAILED: libopenslide.so.0: cannot open shared object file: No such file or directory
2026-06-19 22:22:00 [ERROR] [slide_H&E_0] FAILED: libopenslide.so.0: cannot open shared object file: No such file or directory
2026-06-19 22:22:00 [ERROR] [slide_H&E_0] FAILED: libopenslide.so.0: cannot open shared object file: No such file or directory
2026-06-19 22:22:00 [ERROR] [slide_H&E_0] FAILED: libopenslide.so.0: cannot open shared object file: No such file or directory
2026-06-19 22:22:00 [ERROR] [slide_H&E_0] FAILED: libopenslide.so.0: cannot open shared object file: No such file or directory
2026-06-19 22:22:00 [ERROR] [slide_H&E_0] FAILED: libopenslide.so.0: cannot open shared object file: No such file or directory
2026-06-19 22:22:00 [ERROR] [slide_H&E_0] FAILED: libopenslide.so.0: cannot open shared object file: No such file or directory
2026-06-19 22:22:00 [ERROR] [slide_H&E_0] FAILED: libopenslide.so.0: cannot open shared object file: No such file or directory
2026-06-19 22:22:00 [ERROR] [slide_H&E_0] FAILED: libopenslide.so.0: cannot open shared object file: No such file or directory
2026-06-19 22:22:00 [ERROR] [slide_H&E_0] FAILED: libopenslide.so.0: cannot open shared object file: No such file or directory
2026-06-19 22:22:00 [ERROR] [slide_H&E_0] FAILED: libopenslide.so.0: cannot open shared object file: No such file or directory
2026-06-19 22:22:00 [ERROR] [slide_H&E_0] FAILED: libopenslide.so.0: cannot open shared object file: No such file or directory
2026-06-19 22:22:00 [ERROR] [slide_H&E_0] FAILED: libopenslide.so.0: cannot open shared object file: No such file or directory
2026-06-19 22:22:00 [ERROR] [slide_H&E_0] FAILED: libopenslide.so.0: cannot open shared object file: No such file or directory
2026-06-19 22:22:00 [ERROR] [slide_H&E_0] FAILED: libopenslide.so.0: cannot open shared object file: No such file or directory
2026-06-19 22:22:00 [ERROR] [slide_H&E_0] FAILED: libopenslide.so.0: cannot open shared object file: No such file or directory
2026-06-19 22:22:00 [ERROR] [slide_H&E_0] FAILED: libopenslide.so.0: cannot open shared object file: No such file or directory
2026-06-19 22:22:00 [ERROR] [slide_H&E_0] FAILED: libopenslide.so.0: cannot open shared object file: No such file or directory
2026-06-19 22:22:00 [ERROR] [slide_H&E_0] FAILED: libopenslide.so.0: cannot open shared object file: No such file or directory
2026-06-19 22:22:00 [ERROR] [slide_H&E_0] FAILED: libopenslide.so.0: cannot open shared object file: No such file or directory
2026-06-19 22:22:00 [ERROR] [slide_H&E_0] FAILED: libopenslide.so.0: cannot open shared object file: No such file or directory
2026-06-19 22:22:00 [ERROR] [slide_H&E_0] FAILED: libopenslide.so.0: cannot open shared object file: No such file or directory
2026-06-19 22:22:00 [ERROR] [slide_H&E_0] FAILED: libopenslide.so.0: cannot open shared object file: No such file or directory
2026-06-19 22:22:00 [ERROR] [slide_H&E_0] FAILED: libopenslide.so.0: cannot open shared object file: No such file or directory
2026-06-19 22:22:00 [ERROR] [slide_H&E_0] FAILED: libopenslide.so.0: cannot open shared object file: No such file or directory
2026-06-19 22:22:00 [ERROR] [slide_H&E_0] FAILED: libopenslide.so.0: cannot open shared object file: No such file or directory
2026-06-19 22:22:00 [ERROR] [slide_H&E_0] FAILED: libopenslide.so.0: cannot open shared object file: No such file or directory
2026-06-19 22:22:00 [ERROR] [slide_H&E_0] FAILED: libopenslide.so.0: cannot open shared object file: No such file or directory
2026-06-19 22:22:00 [ERROR] [slide_H&E_0] FAILED: libopenslide.so.0: cannot open shared object file: No such file or directory
2026-06-19 22:22:00 [ERROR] [slide_H&E_0] FAILED: libopenslide.so.0: cannot open shared object file: No such file or directory
2026-06-19 22:22:00 [ERROR] [slide_H&E_0] FAILED: libopenslide.so.0: cannot open shared object file: No such file or directory
2026-06-19 22:22:00 [ERROR] [slide_H&E_0] FAILED: libopenslide.so.0: cannot open shared object file: No such file or directory
2026-06-19 22:22:00 [ERROR] [slide_H&E_0] FAILED: libopenslide.so.0: cannot open shared object file: No such file or directory
2026-06-19 22:22:00 [ERROR] [slide_H&E_0] FAILED: libopenslide.so.0: cannot open shared object file: No such file or directory
2026-06-19 22:22:00 [ERROR] [slide_H&E_0] FAILED: libopenslide.so.0: cannot open shared object file: No such file or directory
2026-06-19 22:22:00 [ERROR] [slide_H&E_0] FAILED: libopenslide.so.0: cannot open shared object file: No such file or directory
2026-06-19 22:22:00 [ERROR] [slide_H&E_0] FAILED: libopenslide.so.0: cannot open shared object file: No such file or directory
2026-06-19 22:22:00 [ERROR] [slide_H&E_0] FAILED: libopenslide.so.0: cannot open shared object file: No such file or directory
2026-06-19 22:22:00 [ERROR] [slide_H&E_0] FAILED: libopenslide.so.0: cannot open shared object file: No such file or directory
2026-06-19 22:22:00 [ERROR] [slide_H&E_0] FAILED: libopenslide.so.0: cannot open shared object file: No such file or directory
2026-06-19 22:22:00 [ERROR] [slide_H&E_0] FAILED: libopenslide.so.0: cannot open shared object file: No such file or directory
2026-06-19 22:22:00 [ERROR] [slide_H&E_0] FAILED: libopenslide.so.0: cannot open shared object file: No such file or directory
2026-06-19 22:22:00 [ERROR] [slide_H&E_0] FAILED: libopenslide.so.0: cannot open shared object file: No such file or directory
2026-06-19 22:22:00 [ERROR] [slide_H&E_0] FAILED: libopenslide.so.0: cannot open shared object file: No such file or directory
2026-06-19 22:22:00 [ERROR] [slide_H&E_0] FAILED: libopenslide.so.0: cannot open shared object file: No such file or directory
2026-06-19 22:22:00 [ERROR] [slide_H&E_0] FAILED: libopenslide.so.0: cannot open shared object file: No such file or directory
2026-06-19 22:22:00 [ERROR] [slide_H&E_0] FAILED: libopenslide.so.0: cannot open shared object file: No such file or directory
2026-06-19 22:22:00 [ERROR] [slide_H&E_0] FAILED: libopenslide.so.0: cannot open shared object file: No such file or directory
2026-06-19 22:22:00 [ERROR] [slide_H&E_0] FAILED: libopenslide.so.0: cannot open shared object file: No such file or directory
2026-06-19 22:22:00 [ERROR] [slide_H&E_0] FAILED: libopenslide.so.0: cannot open shared object file: No such file or directory
2026-06-19 22:22:00 [ERROR] [slide_H&E_0] FAILED: libopenslide.so.0: cannot open shared object file: No such file or directory
2026-06-19 22:22:00 [ERROR] [slide_H&E_0] FAILED: libopenslide.so.0: cannot open shared object file: No such file or directory
2026-06-19 22:22:00 [ERROR] [slide_H&E_0] FAILED: libopenslide.so.0: cannot open shared object file: No such file or directory
2026-06-19 22:22:00 [ERROR] [slide_H&E_0] FAILED: libopenslide.so.0: cannot open shared object file: No such file or directory
2026-06-19 22:22:00 [ERROR] [slide_H&E_0] FAILED: libopenslide.so.0: cannot open shared object file: No such file or directory
2026-06-19 22:22:00 [ERROR] [slide_H&E_0] FAILED: libopenslide.so.0: cannot open shared object file: No such file or directory
2026-06-19 22:22:00 [ERROR] [slide_H&E_0] FAILED: libopenslide.so.0: cannot open shared object file: No such file or directory
2026-06-19 22:22:00 [ERROR] [slide_H&E_0] FAILED: libopenslide.so.0: cannot open shared object file: No such file or directory
2026-06-19 22:22:00 [ERROR] [slide_H&E_0] FAILED: libopenslide.so.0: cannot open shared object file: No such file or directory
2026-06-19 22:22:00 [ERROR] [slide_H&E_0] FAILED: libopenslide.so.0: cannot open shared object file: No such file or directory
2026-06-19 22:22:00 [ERROR] [slide_H&E_0] FAILED: libopenslide.so.0: cannot open shared object file: No such file or directory
2026-06-19 22:22:00 [ERROR] [slide_H&E_0] FAILED: libopenslide.so.0: cannot open shared object file: No such file or directory
2026-06-19 22:22:00 [ERROR] [slide_H&E_0] FAILED: libopenslide.so.0: cannot open shared object file: No such file or directory
2026-06-19 22:22:00 [ERROR] [slide_H&E_0] FAILED: libopenslide.so.0: cannot open shared object file: No such file or directory
2026-06-19 22:22:00 [ERROR] [slide_H&E_0] FAILED: libopenslide.so.0: cannot open shared object file: No such file or directory
2026-06-19 22:22:00 [ERROR] [slide_H&E_0] FAILED: libopenslide.so.0: cannot open shared object file: No such file or directory
2026-06-19 22:22:00 [ERROR] [slide_H&E_0] FAILED: libopenslide.so.0: cannot open shared object file: No such file or directory
2026-06-19 22:22:00 [ERROR] [slide_H&E_0] FAILED: libopenslide.so.0: cannot open shared object file: No such file or directory
2026-06-19 22:22:00 [ERROR] [slide_H&E_0] FAILED: libopenslide.so.0: cannot open shared object file: No such file or directory
2026-06-19 22:22:00 [ERROR] [slide_H&E_0] FAILED: libopenslide.so.0: cannot open shared object file: No such file or directory
2026-06-19 22:22:00 [ERROR] [slide_H&E_0] FAILED: libopenslide.so.0: cannot open shared object file: No such file or directory
2026-06-19 22:22:00 [ERROR] [slide_H&E_0] FAILED: libopenslide.so.0: cannot open shared object file: No such file or directory
2026-06-19 22:22:00 [ERROR] [slide_H&E_0] FAILED: libopenslide.so.0: cannot open shared object file: No such file or directory
2026-06-19 22:22:00 [ERROR] [slide_H&E_0] FAILED: libopenslide.so.0: cannot open shared object file: No such file or directory
2026-06-19 22:22:00 [ERROR] [slide_H&E_0] FAILED: libopenslide.so.0: cannot open shared object file: No such file or directory
2026-06-19 22:22:00 [ERROR] [slide_H&E_0] FAILED: libopenslide.so.0: cannot open shared object file: No such file or directory
2026-06-19 22:22:00 [ERROR] [slide_H&E_0] FAILED: libopenslide.so.0: cannot open shared object file: No such file or directory
2026-06-19 22:22:00 [ERROR] [slide_H&E_0] FAILED: libopenslide.so.0: cannot open shared object file: No such file or directory
2026-06-19 22:22:00 [ERROR] [slide_H&E_0] FAILED: libopenslide.so.0: cannot open shared object file: No such file or directory
2026-06-19 22:22:00 [ERROR] [slide_H&E_0] FAILED: libopenslide.so.0: cannot open shared object file: No such file or directory
2026-06-19 22:22:00 [ERROR] [slide_H&E_0] FAILED: libopenslide.so.0: cannot open shared object file: No such file or directory
2026-06-19 22:22:00 [ERROR] [slide_H&E_0] FAILED: libopenslide.so.0: cannot open shared object file: No such file or directory
2026-06-19 22:22:00 [ERROR] [slide_H&E_0] FAILED: libopenslide.so.0: cannot open shared object file: No such file or directory
2026-06-19 22:22:00 [ERROR] [slide_H&E_0] FAILED: libopenslide.so.0: cannot open shared object file: No such file or directory
2026-06-19 22:22:00 [ERROR] [slide_H&E_0] FAILED: libopenslide.so.0: cannot open shared object file: No such file or directory
2026-06-19 22:22:00 [ERROR] [slide_H&E_0] FAILED: libopenslide.so.0: cannot open shared object file: No such file or directory
2026-06-19 22:22:00 [ERROR] [slide_H&E_0] FAILED: libopenslide.so.0: cannot open shared object file: No such file or directory
2026-06-19 22:22:00 [ERROR] [slide_H&E_0] FAILED: libopenslide.so.0: cannot open shared object file: No such file or directory
2026-06-19 22:22:00 [ERROR] [slide_H&E_0] FAILED: libopenslide.so.0: cannot open shared object file: No such file or directory
2026-06-19 22:22:00 [ERROR] [slide_H&E_0] FAILED: libopenslide.so.0: cannot open shared object file: No such file or directory
2026-06-19 22:22:00 [ERROR] [slide_H&E_0] FAILED: libopenslide.so.0: cannot open shared object file: No such file or directory
2026-06-19 22:22:00 [ERROR] [slide_H&E_0] FAILED: libopenslide.so.0: cannot open shared object file: No such file or directory
2026-06-19 22:22:00 [ERROR] [slide_H&E_0] FAILED: libopenslide.so.0: cannot open shared object file: No such file or directory
2026-06-19 22:22:00 [ERROR] [slide_H&E_0] FAILED: libopenslide.so.0: cannot open shared object file: No such file or directory
2026-06-19 22:22:00 [ERROR] [slide_H&E_0] FAILED: libopenslide.so.0: cannot open shared object file: No such file or directory
2026-06-19 22:22:00 [ERROR] [slide_H&E_0] FAILED: libopenslide.so.0: cannot open shared object file: No such file or directory
2026-06-19 22:22:00 [ERROR] [slide_H&E_0] FAILED: libopenslide.so.0: cannot open shared object file: No such file or directory
2026-06-19 22:22:00 [ERROR] [slide_H&E_0] FAILED: libopenslide.so.0: cannot open shared object file: No such file or directory
2026-06-19 22:22:00 [ERROR] [slide_H&E_0] FAILED: libopenslide.so.0: cannot open shared object file: No such file or directory
2026-06-19 22:22:00 [ERROR] [slide_H&E_0] FAILED: libopenslide.so.0: cannot open shared object file: No such file or directory
2026-06-19 22:22:00 [ERROR] [slide_H&E_0] FAILED: libopenslide.so.0: cannot open shared object file: No such file or directory
2026-06-19 22:22:00 [ERROR] [slide_H&E_0] FAILED: libopenslide.so.0: cannot open shared object file: No such file or directory
2026-06-19 22:22:00 [ERROR] [slide_H&E_0] FAILED: libopenslide.so.0: cannot open shared object file: No such file or directory
2026-06-19 22:22:00 [ERROR] [slide_H&E_0] FAILED: libopenslide.so.0: cannot open shared object file: No such file or directory
2026-06-19 22:22:00 [ERROR] [slide_H&E_0] FAILED: libopenslide.so.0: cannot open shared object file: No such file or directory
2026-06-19 22:22:00 [ERROR] [slide_H&E_0] FAILED: libopenslide.so.0: cannot open shared object file: No such file or directory
2026-06-19 22:22:00 [ERROR] [slide_H&E_0] FAILED: libopenslide.so.0: cannot open shared object file: No such file or directory
2026-06-19 22:22:00 [ERROR] [slide_H&E_0] FAILED: libopenslide.so.0: cannot open shared object file: No such file or directory
2026-06-19 22:22:00 [ERROR] [slide_H&E_0] FAILED: libopenslide.so.0: cannot open shared object file: No such file or directory
2026-06-19 22:22:00 [ERROR] [slide_H&E_0] FAILED: libopenslide.so.0: cannot open shared object file: No such file or directory
2026-06-19 22:22:00 [ERROR] [slide_H&E_0] FAILED: libopenslide.so.0: cannot open shared object file: No such file or directory
2026-06-19 22:22:00 [ERROR] [slide_H&E_0] FAILED: libopenslide.so.0: cannot open shared object file: No such file or directory
2026-06-19 22:22:00 [ERROR] [slide_H&E_0] FAILED: libopenslide.so.0: cannot open shared object file: No such file or directory
2026-06-19 22:22:00 [ERROR] [slide_H&E_0] FAILED: libopenslide.so.0: cannot open shared object file: No such file or directory
2026-06-19 22:22:00 [ERROR] [slide_H&E_0] FAILED: libopenslide.so.0: cannot open shared object file: No such file or directory
2026-06-19 22:22:00 [ERROR] [slide_H&E_0] FAILED: libopenslide.so.0: cannot open shared object file: No such file or directory
2026-06-19 22:22:00 [ERROR] [slide_H&E_0] FAILED: libopenslide.so.0: cannot open shared object file: No such file or directory
2026-06-19 22:22:00 [ERROR] [slide_H&E_0] FAILED: libopenslide.so.0: cannot open shared object file: No such file or directory
2026-06-19 22:22:00 [ERROR] [slide_H&E_0] FAILED: libopenslide.so.0: cannot open shared object file: No such file or directory
2026-06-19 22:22:00 [ERROR] [slide_H&E_0] FAILED: libopenslide.so.0: cannot open shared object file: No such file or directory
2026-06-19 22:22:00 [ERROR] [slide_H&E_0] FAILED: libopenslide.so.0: cannot open shared object file: No such file or directory
2026-06-19 22:22:00 [ERROR] [slide_H&E_0] FAILED: libopenslide.so.0: cannot open shared object file: No such file or directory
2026-06-19 22:22:00 [ERROR] [slide_H&E_0] FAILED: libopenslide.so.0: cannot open shared object file: No such file or directory
2026-06-19 22:22:00 [ERROR] [slide_H&E_0] FAILED: libopenslide.so.0: cannot open shared object file: No such file or directory
2026-06-19 22:22:00 [ERROR] [slide_H&E_0] FAILED: libopenslide.so.0: cannot open shared object file: No such file or directory
2026-06-19 22:22:00 [ERROR] [slide_H&E_0] FAILED: libopenslide.so.0: cannot open shared object file: No such file or directory
2026-06-19 22:22:00 [ERROR] [slide_H&E_0] FAILED: libopenslide.so.0: cannot open shared object file: No such file or directory
2026-06-19 22:22:00 [ERROR] [slide_H&E_0] FAILED: libopenslide.so.0: cannot open shared object file: No such file or directory
2026-06-19 22:22:00 [ERROR] [slide_H&E_0] FAILED: libopenslide.so.0: cannot open shared object file: No such file or directory
2026-06-19 22:22:00 [ERROR] [slide_H&E_0] FAILED: libopenslide.so.0: cannot open shared object file: No such file or directory
2026-06-19 22:22:00 [ERROR] [slide_H&E_0] FAILED: libopenslide.so.0: cannot open shared object file: No such file or directory
2026-06-19 22:22:00 [ERROR] [slide_H&E_0] FAILED: libopenslide.so.0: cannot open shared object file: No such file or directory
2026-06-19 22:22:00 [ERROR] [slide_H&E_0] FAILED: libopenslide.so.0: cannot open shared object file: No such file or directory
2026-06-19 22:22:00 [ERROR] [slide_H&E_0] FAILED: libopenslide.so.0: cannot open shared object file: No such file or directory
2026-06-19 22:22:00 [ERROR] [slide_H&E_0] FAILED: libopenslide.so.0: cannot open shared object file: No such file or directory
2026-06-19 22:22:00 [ERROR] [slide_H&E_0] FAILED: libopenslide.so.0: cannot open shared object file: No such file or directory
2026-06-19 22:22:00 [ERROR] [slide_H&E_0] FAILED: libopenslide.so.0: cannot open shared object file: No such file or directory
2026-06-19 22:22:00 [ERROR] [slide_H&E_0] FAILED: libopenslide.so.0: cannot open shared object file: No such file or directory
2026-06-19 22:22:00 [ERROR] [slide_H&E_0] FAILED: libopenslide.so.0: cannot open shared object file: No such file or directory
2026-06-19 22:22:00 [ERROR] [slide_H&E_0] FAILED: libopenslide.so.0: cannot open shared object file: No such file or directory
2026-06-19 22:22:00 [ERROR] [slide_H&E_0] FAILED: libopenslide.so.0: cannot open shared object file: No such file or directory
2026-06-19 22:22:00 [ERROR] [slide_H&E_0] FAILED: libopenslide.so.0: cannot open shared object file: No such file or directory
2026-06-19 22:22:00 [ERROR] [slide_H&E_0] FAILED: libopenslide.so.0: cannot open shared object file: No such file or directory
2026-06-19 22:22:00 [ERROR] [slide_H&E_0] FAILED: libopenslide.so.0: cannot open shared object file: No such file or directory
2026-06-19 22:22:00 [ERROR] [slide_H&E_0] FAILED: libopenslide.so.0: cannot open shared object file: No such file or directory
2026-06-19 22:22:00 [ERROR] [slide_H&E_0] FAILED: libopenslide.so.0: cannot open shared object file: No such file or directory
2026-06-19 22:22:00 [ERROR] [slide_H&E_0] FAILED: libopenslide.so.0: cannot open shared object file: No such file or directory
2026-06-19 22:22:00 [ERROR] [slide_H&E_0] FAILED: libopenslide.so.0: cannot open shared object file: No such file or directory
2026-06-19 22:22:00 [ERROR] [slide_H&E_0] FAILED: libopenslide.so.0: cannot open shared object file: No such file or directory
2026-06-19 22:22:00 [ERROR] [slide_H&E_0] FAILED: libopenslide.so.0: cannot open shared object file: No such file or directory
2026-06-19 22:22:00 [ERROR] [slide_H&E_0] FAILED: libopenslide.so.0: cannot open shared object file: No such file or directory
2026-06-19 22:22:00 [ERROR] [slide_H&E_0] FAILED: libopenslide.so.0: cannot open shared object file: No such file or directory
2026-06-19 22:22:00 [ERROR] [slide_H&E_0] FAILED: libopenslide.so.0: cannot open shared object file: No such file or directory
2026-06-19 22:22:00 [ERROR] [slide_H&E_0] FAILED: libopenslide.so.0: cannot open shared object file: No such file or directory
2026-06-19 22:22:00 [ERROR] [slide_H&E_0] FAILED: libopenslide.so.0: cannot open shared object file: No such file or directory
2026-06-19 22:22:00 [ERROR] [slide_H&E_0] FAILED: libopenslide.so.0: cannot open shared object file: No such file or directory
2026-06-19 22:22:00 [ERROR] [slide_H&E_0] FAILED: libopenslide.so.0: cannot open shared object file: No such file or directory
2026-06-19 22:22:00 [ERROR] [slide_H&E_0] FAILED: libopenslide.so.0: cannot open shared object file: No such file or directory
2026-06-19 22:22:00 [ERROR] [slide_H&E_0] FAILED: libopenslide.so.0: cannot open shared object file: No such file or directory
2026-06-19 22:22:00 [ERROR] [slide_H&E_0] FAILED: libopenslide.so.0: cannot open shared object file: No such file or directory
2026-06-19 22:22:00 [ERROR] [slide_H&E_0] FAILED: libopenslide.so.0: cannot open shared object file: No such file or directory
2026-06-19 22:22:00 [ERROR] [slide_H&E_0] FAILED: libopenslide.so.0: cannot open shared object file: No such file or directory
2026-06-19 22:22:00 [ERROR] [slide_H&E_0] FAILED: libopenslide.so.0: cannot open shared object file: No such file or directory
2026-06-19 22:22:00 [ERROR] [slide_H&E_0] FAILED: libopenslide.so.0: cannot open shared object file: No such file or directory
2026-06-19 22:22:00 [ERROR] [slide_H&E_0] FAILED: libopenslide.so.0: cannot open shared object file: No such file or directory
2026-06-19 22:22:00 [ERROR] [slide_H&E_0] FAILED: libopenslide.so.0: cannot open shared object file: No such file or directory
2026-06-19 22:22:00 [ERROR] [slide_H&E_0] FAILED: libopenslide.so.0: cannot open shared object file: No such file or directory
2026-06-19 22:22:00 [ERROR] [slide_H&E_0] FAILED: libopenslide.so.0: cannot open shared object file: No such file or directory
2026-06-19 22:22:00 [ERROR] [slide_H&E_0] FAILED: libopenslide.so.0: cannot open shared object file: No such file or directory
2026-06-19 22:22:00 [ERROR] [slide_H&E_0] FAILED: libopenslide.so.0: cannot open shared object file: No such file or directory
2026-06-19 22:22:00 [ERROR] [slide_H&E_0] FAILED: libopenslide.so.0: cannot open shared object file: No such file or directory
2026-06-19 22:22:00 [ERROR] [slide_H&E_0] FAILED: libopenslide.so.0: cannot open shared object file: No such file or directory
2026-06-19 22:22:00 [ERROR] [slide_H&E_0] FAILED: libopenslide.so.0: cannot open shared object file: No such file or directory
2026-06-19 22:22:00 [ERROR] [slide_H&E_0] FAILED: libopenslide.so.0: cannot open shared object file: No such file or directory
2026-06-19 22:22:00 [ERROR] [slide_H&E_0] FAILED: libopenslide.so.0: cannot open shared object file: No such file or directory
2026-06-19 22:22:00 [ERROR] [slide_H&E_0] FAILED: libopenslide.so.0: cannot open shared object file: No such file or directory
2026-06-19 22:22:00 [ERROR] [slide_H&E_0] FAILED: libopenslide.so.0: cannot open shared object file: No such file or directory
2026-06-19 22:22:00 [ERROR] [slide_H&E_0] FAILED: libopenslide.so.0: cannot open shared object file: No such file or directory
2026-06-19 22:22:00 [ERROR] [slide_H&E_0] FAILED: libopenslide.so.0: cannot open shared object file: No such file or directory
2026-06-19 22:22:00 [ERROR] [slide_H&E_0] FAILED: libopenslide.so.0: cannot open shared object file: No such file or directory
2026-06-19 22:22:00 [ERROR] [slide_H&E_0] FAILED: libopenslide.so.0: cannot open shared object file: No such file or directory
2026-06-19 22:22:00 [ERROR] [slide_H&E_0] FAILED: libopenslide.so.0: cannot open shared object file: No such file or directory
2026-06-19 22:22:00 [ERROR] [slide_H&E_0] FAILED: libopenslide.so.0: cannot open shared object file: No such file or directory
2026-06-19 22:22:00 [ERROR] [slide_H&E_0] FAILED: libopenslide.so.0: cannot open shared object file: No such file or directory
2026-06-19 22:22:00 [ERROR] [slide_H&E_0] FAILED: libopenslide.so.0: cannot open shared object file: No such file or directory
2026-06-19 22:22:00 [ERROR] [slide_H&E_0] FAILED: libopenslide.so.0: cannot open shared object file: No such file or directory
2026-06-19 22:22:00 [ERROR] [slide_H&E_0] FAILED: libopenslide.so.0: cannot open shared object file: No such file or directory
2026-06-19 22:22:00 [ERROR] [slide_H&E_0] FAILED: libopenslide.so.0: cannot open shared object file: No such file or directory
2026-06-19 22:22:00 [ERROR] [slide_H&E_0] FAILED: libopenslide.so.0: cannot open shared object file: No such file or directory
2026-06-19 22:22:00 [ERROR] [slide_H&E_0] FAILED: libopenslide.so.0: cannot open shared object file: No such file or directory
2026-06-19 22:22:00 [ERROR] [slide_H&E_0] FAILED: libopenslide.so.0: cannot open shared object file: No such file or directory
2026-06-19 22:22:00 [ERROR] [slide_H&E_0] FAILED: libopenslide.so.0: cannot open shared object file: No such file or directory
2026-06-19 22:22:00 [ERROR] [slide_H&E_0] FAILED: libopenslide.so.0: cannot open shared object file: No such file or directory
2026-06-19 22:22:00 [ERROR] [slide_H&E_0] FAILED: libopenslide.so.0: cannot open shared object file: No such file or directory
2026-06-19 22:22:00 [ERROR] [slide_H&E_0] FAILED: libopenslide.so.0: cannot open shared object file: No such file or directory
2026-06-19 22:22:00 [ERROR] [slide_H&E_0] FAILED: libopenslide.so.0: cannot open shared object file: No such file or directory
2026-06-19 22:22:00 [ERROR] [slide_H&E_0] FAILED: libopenslide.so.0: cannot open shared object file: No such file or directory
2026-06-19 22:22:00 [ERROR] [slide_H&E_0] FAILED: libopenslide.so.0: cannot open shared object file: No such file or directory
2026-06-19 22:22:00 [ERROR] [slide_H&E_0] FAILED: libopenslide.so.0: cannot open shared object file: No such file or directory
2026-06-19 22:22:00 [ERROR] [slide_H&E_0] FAILED: libopenslide.so.0: cannot open shared object file: No such file or directory
2026-06-19 22:22:00 [ERROR] [slide_H&E_0] FAILED: libopenslide.so.0: cannot open shared object file: No such file or directory
2026-06-19 22:22:00 [ERROR] [slide_H&E_0] FAILED: libopenslide.so.0: cannot open shared object file: No such file or directory
2026-06-19 22:22:00 [ERROR] [slide_H&E_0] FAILED: libopenslide.so.0: cannot open shared object file: No such file or directory
2026-06-19 22:22:00 [ERROR] [slide_H&E_0] FAILED: libopenslide.so.0: cannot open shared object file: No such file or directory
2026-06-19 22:22:00 [ERROR] [slide_H&E_0] FAILED: libopenslide.so.0: cannot open shared object file: No such file or directory
2026-06-19 22:22:00 [ERROR] [slide_H&E_0] FAILED: libopenslide.so.0: cannot open shared object file: No such file or directory
2026-06-19 22:22:00 [ERROR] [slide_H&E_0] FAILED: libopenslide.so.0: cannot open shared object file: No such file or directory
2026-06-19 22:22:00 [ERROR] [slide_H&E_0] FAILED: libopenslide.so.0: cannot open shared object file: No such file or directory
2026-06-19 22:22:00 [ERROR] [slide_H&E_0] FAILED: libopenslide.so.0: cannot open shared object file: No such file or directory
2026-06-19 22:22:00 [ERROR] [slide_H&E_0] FAILED: libopenslide.so.0: cannot open shared object file: No such file or directory
2026-06-19 22:22:00 [ERROR] [slide_H&E_0] FAILED: libopenslide.so.0: cannot open shared object file: No such file or directory
2026-06-19 22:22:00 [ERROR] [slide_H&E_0] FAILED: libopenslide.so.0: cannot open shared object file: No such file or directory
2026-06-19 22:22:00 [ERROR] [slide_H&E_0] FAILED: libopenslide.so.0: cannot open shared object file: No such file or directory
2026-06-19 22:22:00 [ERROR] [slide_H&E_0] FAILED: libopenslide.so.0: cannot open shared object file: No such file or directory
2026-06-19 22:22:00 [ERROR] [slide_H&E_0] FAILED: libopenslide.so.0: cannot open shared object file: No such file or directory
2026-06-19 22:22:00 [ERROR] [slide_H&E_0] FAILED: libopenslide.so.0: cannot open shared object file: No such file or directory
2026-06-19 22:22:00 [ERROR] [slide_H&E_0] FAILED: libopenslide.so.0: cannot open shared object file: No such file or directory
2026-06-19 22:22:00 [ERROR] [slide_H&E_0] FAILED: libopenslide.so.0: cannot open shared object file: No such file or directory
2026-06-19 22:22:00 [ERROR] [slide_H&E_0] FAILED: libopenslide.so.0: cannot open shared object file: No such file or directory
2026-06-19 22:22:00 [ERROR] [slide_H&E_0] FAILED: libopenslide.so.0: cannot open shared object file: No such file or directory
2026-06-19 22:22:00 [ERROR] [slide_H&E_0] FAILED: libopenslide.so.0: cannot open shared object file: No such file or directory
2026-06-19 22:22:00 [ERROR] [slide_H&E_0] FAILED: libopenslide.so.0: cannot open shared object file: No such file or directory
2026-06-19 22:22:00 [ERROR] [slide_H&E_0] FAILED: libopenslide.so.0: cannot open shared object file: No such file or directory
2026-06-19 22:22:00 [ERROR] [slide_H&E_0] FAILED: libopenslide.so.0: cannot open shared object file: No such file or directory
2026-06-19 22:22:00 [ERROR] [slide_H&E_0] FAILED: libopenslide.so.0: cannot open shared object file: No such file or directory
2026-06-19 22:22:00 [ERROR] [slide_H&E_0] FAILED: libopenslide.so.0: cannot open shared object file: No such file or directory
2026-06-19 22:22:00 [ERROR] [slide_H&E_0] FAILED: libopenslide.so.0: cannot open shared object file: No such file or directory
2026-06-19 22:22:00 [ERROR] [slide_H&E_0] FAILED: libopenslide.so.0: cannot open shared object file: No such file or directory
2026-06-19 22:22:00 [ERROR] [slide_H&E_0] FAILED: libopenslide.so.0: cannot open shared object file: No such file or directory
2026-06-19 22:22:00 [ERROR] [slide_H&E_0] FAILED: libopenslide.so.0: cannot open shared object file: No such file or directory
2026-06-19 22:22:00 [ERROR] [slide_H&E_0] FAILED: libopenslide.so.0: cannot open shared object file: No such file or directory
2026-06-19 22:22:00 [ERROR] [slide_H&E_0] FAILED: libopenslide.so.0: cannot open shared object file: No such file or directory
2026-06-19 22:22:00 [ERROR] [slide_H&E_0] FAILED: libopenslide.so.0: cannot open shared object file: No such file or directory
2026-06-19 22:22:00 [ERROR] [slide_H&E_0] FAILED: libopenslide.so.0: cannot open shared object file: No such file or directory
2026-06-19 22:22:00 [ERROR] [slide_H&E_0] FAILED: libopenslide.so.0: cannot open shared object file: No such file or directory
2026-06-19 22:22:00 [ERROR] [slide_H&E_0] FAILED: libopenslide.so.0: cannot open shared object file: No such file or directory
2026-06-19 22:22:00 [ERROR] [slide_H&E_0] FAILED: libopenslide.so.0: cannot open shared object file: No such file or directory
2026-06-19 22:22:00 [ERROR] [slide_H&E_0] FAILED: libopenslide.so.0: cannot open shared object file: No such file or directory
2026-06-19 22:22:00 [ERROR] [slide_H&E_0] FAILED: libopenslide.so.0: cannot open shared object file: No such file or directory
2026-06-19 22:22:00 [ERROR] [slide_H&E_0] FAILED: libopenslide.so.0: cannot open shared object file: No such file or directory
2026-06-19 22:22:00 [ERROR] [slide_H&E_0] FAILED: libopenslide.so.0: cannot open shared object file: No such file or directory
2026-06-19 22:22:00 [ERROR] [slide_H&E_0] FAILED: libopenslide.so.0: cannot open shared object file: No such file or directory
2026-06-19 22:22:00 [ERROR] [slide_H&E_0] FAILED: libopenslide.so.0: cannot open shared object file: No such file or directory
2026-06-19 22:22:00 [ERROR] [slide_H&E_0] FAILED: libopenslide.so.0: cannot open shared object file: No such file or directory
2026-06-19 22:22:00 [ERROR] [slide_H&E_0] FAILED: libopenslide.so.0: cannot open shared object file: No such file or directory
2026-06-19 22:22:00 [ERROR] [slide_H&E_0] FAILED: libopenslide.so.0: cannot open shared object file: No such file or directory
2026-06-19 22:22:00 [ERROR] [slide_H&E_0] FAILED: libopenslide.so.0: cannot open shared object file: No such file or directory
2026-06-19 22:22:00 [ERROR] [slide_H&E_0] FAILED: libopenslide.so.0: cannot open shared object file: No such file or directory
2026-06-19 22:22:00 [ERROR] [slide_H&E_0] FAILED: libopenslide.so.0: cannot open shared object file: No such file or directory
2026-06-19 22:22:00 [ERROR] [slide_H&E_0] FAILED: libopenslide.so.0: cannot open shared object file: No such file or directory
2026-06-19 22:22:00 [ERROR] [slide_H&E_0] FAILED: libopenslide.so.0: cannot open shared object file: No such file or directory
2026-06-19 22:22:00 [ERROR] [slide_H&E_0] FAILED: libopenslide.so.0: cannot open shared object file: No such file or directory
2026-06-19 22:22:00 [ERROR] [slide_H&E_0] FAILED: libopenslide.so.0: cannot open shared object file: No such file or directory
2026-06-19 22:22:00 [ERROR] [slide_H&E_0] FAILED: libopenslide.so.0: cannot open shared object file: No such file or directory
2026-06-19 22:22:00 [ERROR] [slide_H&E_0] FAILED: libopenslide.so.0: cannot open shared object file: No such file or directory
2026-06-19 22:22:00 [ERROR] [slide_H&E_0] FAILED: libopenslide.so.0: cannot open shared object file: No such file or directory
2026-06-19 22:22:00 [ERROR] [slide_H&E_0] FAILED: libopenslide.so.0: cannot open shared object file: No such file or directory
2026-06-19 22:22:00 [ERROR] [slide_H&E_0] FAILED: libopenslide.so.0: cannot open shared object file: No such file or directory
2026-06-19 22:22:00 [ERROR] [slide_H&E_0] FAILED: libopenslide.so.0: cannot open shared object file: No such file or directory
2026-06-19 22:22:00 [ERROR] [slide_H&E_0] FAILED: libopenslide.so.0: cannot open shared object file: No such file or directory
2026-06-19 22:22:00 [ERROR] [slide_H&E_0] FAILED: libopenslide.so.0: cannot open shared object file: No such file or directory
2026-06-19 22:22:00 [ERROR] [slide_H&E_0] FAILED: libopenslide.so.0: cannot open shared object file: No such file or directory
2026-06-19 22:22:00 [ERROR] [slide_H&E_0] FAILED: libopenslide.so.0: cannot open shared object file: No such file or directory
2026-06-19 22:22:00 [ERROR] [slide_H&E_0] FAILED: libopenslide.so.0: cannot open shared object file: No such file or directory
2026-06-19 22:22:00 [ERROR] [slide_H&E_0] FAILED: libopenslide.so.0: cannot open shared object file: No such file or directory
2026-06-19 22:22:00 [ERROR] [slide_H&E_0] FAILED: libopenslide.so.0: cannot open shared object file: No such file or directory
2026-06-19 22:22:00 [ERROR] [slide_H&E_0] FAILED: libopenslide.so.0: cannot open shared object file: No such file or directory
2026-06-19 22:22:00 [ERROR] [slide_H&E_0] FAILED: libopenslide.so.0: cannot open shared object file: No such file or directory
2026-06-19 22:22:00 [ERROR] [slide_H&E_0] FAILED: libopenslide.so.0: cannot open shared object file: No such file or directory
2026-06-19 22:22:00 [ERROR] [slide_H&E_0] FAILED: libopenslide.so.0: cannot open shared object file: No such file or directory
2026-06-19 22:22:00 [ERROR] [slide_H&E_0] FAILED: libopenslide.so.0: cannot open shared object file: No such file or directory
2026-06-19 22:22:00 [ERROR] [slide_H&E_0] FAILED: libopenslide.so.0: cannot open shared object file: No such file or directory
2026-06-19 22:22:00 [ERROR] [slide_H&E_0] FAILED: libopenslide.so.0: cannot open shared object file: No such file or directory
2026-06-19 22:22:00 [ERROR] [slide_H&E_0] FAILED: libopenslide.so.0: cannot open shared object file: No such file or directory
2026-06-19 22:22:00 [ERROR] [slide_H&E_0] FAILED: libopenslide.so.0: cannot open shared object file: No such file or directory
2026-06-19 22:22:00 [ERROR] [slide_H&E_0] FAILED: libopenslide.so.0: cannot open shared object file: No such file or directory
2026-06-19 22:22:00 [ERROR] [slide_H&E_0] FAILED: libopenslide.so.0: cannot open shared object file: No such file or directory
2026-06-19 22:22:00 [ERROR] [slide_H&E_0] FAILED: libopenslide.so.0: cannot open shared object file: No such file or directory
2026-06-19 22:22:00 [ERROR] [slide_H&E_0] FAILED: libopenslide.so.0: cannot open shared object file: No such file or directory
2026-06-19 22:22:00 [ERROR] [slide_H&E_0] FAILED: libopenslide.so.0: cannot open shared object file: No such file or directory
2026-06-19 22:22:00 [ERROR] [slide_H&E_0] FAILED: libopenslide.so.0: cannot open shared object file: No such file or directory
2026-06-19 22:22:00 [ERROR] [slide_H&E_0] FAILED: libopenslide.so.0: cannot open shared object file: No such file or directory
2026-06-19 22:22:00 [ERROR] [slide_H&E_0] FAILED: libopenslide.so.0: cannot open shared object file: No such file or directory
2026-06-19 22:22:00 [ERROR] [slide_H&E_0] FAILED: libopenslide.so.0: cannot open shared object file: No such file or directory
2026-06-19 22:22:00 [ERROR] [slide_H&E_0] FAILED: libopenslide.so.0: cannot open shared object file: No such file or directory
2026-06-19 22:22:00 [ERROR] [slide_H&E_0] FAILED: libopenslide.so.0: cannot open shared object file: No such file or directory
2026-06-19 22:22:00 [ERROR] [slide_H&E_0] FAILED: libopenslide.so.0: cannot open shared object file: No such file or directory
2026-06-19 22:22:00 [ERROR] [slide_H&E_0] FAILED: libopenslide.so.0: cannot open shared object file: No such file or directory
2026-06-19 22:22:00 [ERROR] [slide_H&E_0] FAILED: libopenslide.so.0: cannot open shared object file: No such file or directory
2026-06-19 22:22:00 [ERROR] [slide_H&E_0] FAILED: libopenslide.so.0: cannot open shared object file: No such file or directory
2026-06-19 22:22:00 [ERROR] [slide_H&E_0] FAILED: libopenslide.so.0: cannot open shared object file: No such file or directory
2026-06-19 22:22:00 [ERROR] [slide_H&E_0] FAILED: libopenslide.so.0: cannot open shared object file: No such file or directory
2026-06-19 22:22:00 [ERROR] [slide_H&E_0] FAILED: libopenslide.so.0: cannot open shared object file: No such file or directory
2026-06-19 22:22:00 [ERROR] [slide_H&E_0] FAILED: libopenslide.so.0: cannot open shared object file: No such file or directory
2026-06-19 22:22:00 [ERROR] [slide_H&E_0] FAILED: libopenslide.so.0: cannot open shared object file: No such file or directory
2026-06-19 22:22:00 [ERROR] [slide_H&E_0] FAILED: libopenslide.so.0: cannot open shared object file: No such file or directory
2026-06-19 22:22:00 [ERROR] [slide_H&E_0] FAILED: libopenslide.so.0: cannot open shared object file: No such file or directory
2026-06-19 22:22:00 [ERROR] [slide_H&E_0] FAILED: libopenslide.so.0: cannot open shared object file: No such file or directory
2026-06-19 22:22:00 [ERROR] [slide_H&E_0] FAILED: libopenslide.so.0: cannot open shared object file: No such file or directory
2026-06-19 22:22:00 [ERROR] [slide_H&E_0] FAILED: libopenslide.so.0: cannot open shared object file: No such file or directory
2026-06-19 22:22:00 [ERROR] [slide_H&E_0] FAILED: libopenslide.so.0: cannot open shared object file: No such file or directory
2026-06-19 22:22:00 [ERROR] [slide_H&E_0] FAILED: libopenslide.so.0: cannot open shared object file: No such file or directory
2026-06-19 22:22:00 [ERROR] [slide_H&E_0] FAILED: libopenslide.so.0: cannot open shared object file: No such file or directory
2026-06-19 22:22:00 [ERROR] [slide_H&E_0] FAILED: libopenslide.so.0: cannot open shared object file: No such file or directory
2026-06-19 22:22:00 [ERROR] [slide_H&E_0] FAILED: libopenslide.so.0: cannot open shared object file: No such file or directory
2026-06-19 22:22:00 [ERROR] [slide_H&E_0] FAILED: libopenslide.so.0: cannot open shared object file: No such file or directory
2026-06-19 22:22:00 [ERROR] [slide_H&E_0] FAILED: libopenslide.so.0: cannot open shared object file: No such file or directory
2026-06-19 22:22:00 [ERROR] [slide_H&E_0] FAILED: libopenslide.so.0: cannot open shared object file: No such file or directory
2026-06-19 22:22:00 [ERROR] [slide_H&E_0] FAILED: libopenslide.so.0: cannot open shared object file: No such file or directory
2026-06-19 22:22:00 [ERROR] [slide_H&E_0] FAILED: libopenslide.so.0: cannot open shared object file: No such file or directory
2026-06-19 22:22:00 [ERROR] [slide_H&E_0] FAILED: libopenslide.so.0: cannot open shared object file: No such file or directory
2026-06-19 22:22:00 [ERROR] [slide_H&E_0] FAILED: libopenslide.so.0: cannot open shared object file: No such file or directory
2026-06-19 22:22:00 [ERROR] [slide_H&E_0] FAILED: libopenslide.so.0: cannot open shared object file: No such file or directory
2026-06-19 22:22:00 [ERROR] [slide_H&E_0] FAILED: libopenslide.so.0: cannot open shared object file: No such file or directory
2026-06-19 22:22:00 [ERROR] [slide_H&E_0] FAILED: libopenslide.so.0: cannot open shared object file: No such file or directory
2026-06-19 22:22:00 [ERROR] [slide_H&E_0] FAILED: libopenslide.so.0: cannot open shared object file: No such file or directory
2026-06-19 22:22:00 [ERROR] [slide_H&E_0] FAILED: libopenslide.so.0: cannot open shared object file: No such file or directory
2026-06-19 22:22:00 [ERROR] [slide_H&E_0] FAILED: libopenslide.so.0: cannot open shared object file: No such file or directory
2026-06-19 22:22:00 [ERROR] [slide_H&E_0] FAILED: libopenslide.so.0: cannot open shared object file: No such file or directory
2026-06-19 22:22:00 [ERROR] [slide_H&E_0] FAILED: libopenslide.so.0: cannot open shared object file: No such file or directory
2026-06-19 22:22:00 [ERROR] [slide_H&E_0] FAILED: libopenslide.so.0: cannot open shared object file: No such file or directory
2026-06-19 22:22:00 [ERROR] [slide_H&E_0] FAILED: libopenslide.so.0: cannot open shared object file: No such file or directory
2026-06-19 22:22:00 [ERROR] [slide_H&E_0] FAILED: libopenslide.so.0: cannot open shared object file: No such file or directory
2026-06-19 22:22:00 [ERROR] [slide_H&E_0] FAILED: libopenslide.so.0: cannot open shared object file: No such file or directory
2026-06-19 22:22:00 [ERROR] [slide_H&E_0] FAILED: libopenslide.so.0: cannot open shared object file: No such file or directory
2026-06-19 22:22:00 [ERROR] [slide_H&E_0] FAILED: libopenslide.so.0: cannot open shared object file: No such file or directory
2026-06-19 22:22:00 [ERROR] [slide_H&E_0] FAILED: libopenslide.so.0: cannot open shared object file: No such file or directory
2026-06-19 22:22:00 [ERROR] [slide_H&E_0] FAILED: libopenslide.so.0: cannot open shared object file: No such file or directory
2026-06-19 22:22:00 [ERROR] [slide_H&E_0] FAILED: libopenslide.so.0: cannot open shared object file: No such file or directory
2026-06-19 22:22:00 [ERROR] [slide_H&E_0] FAILED: libopenslide.so.0: cannot open shared object file: No such file or directory
2026-06-19 22:22:00 [ERROR] [slide_H&E_0] FAILED: libopenslide.so.0: cannot open shared object file: No such file or directory
2026-06-19 22:22:00 [ERROR] [slide_H&E_0] FAILED: libopenslide.so.0: cannot open shared object file: No such file or directory
2026-06-19 22:22:00 [ERROR] [slide_H&E_0] FAILED: libopenslide.so.0: cannot open shared object file: No such file or directory
2026-06-19 22:22:00 [ERROR] [slide_H&E_0] FAILED: libopenslide.so.0: cannot open shared object file: No such file or directory
2026-06-19 22:22:00 [ERROR] [slide_H&E_0] FAILED: libopenslide.so.0: cannot open shared object file: No such file or directory
2026-06-19 22:22:00 [ERROR] [slide_H&E_0] FAILED: libopenslide.so.0: cannot open shared object file: No such file or directory
2026-06-19 22:22:00 [ERROR] [slide_H&E_0] FAILED: libopenslide.so.0: cannot open shared object file: No such file or directory
2026-06-19 22:22:00 [ERROR] [slide_H&E_0] FAILED: libopenslide.so.0: cannot open shared object file: No such file or directory
2026-06-19 22:22:00 [ERROR] [slide_H&E_0] FAILED: libopenslide.so.0: cannot open shared object file: No such file or directory
2026-06-19 22:22:00 [ERROR] [slide_H&E_0] FAILED: libopenslide.so.0: cannot open shared object file: No such file or directory
2026-06-19 22:22:00 [ERROR] [slide_H&E_0] FAILED: libopenslide.so.0: cannot open shared object file: No such file or directory
2026-06-19 22:22:00 [ERROR] [slide_H&E_0] FAILED: libopenslide.so.0: cannot open shared object file: No such file or directory
2026-06-19 22:22:00 [ERROR] [slide_H&E_0] FAILED: libopenslide.so.0: cannot open shared object file: No such file or directory
2026-06-19 22:22:00 [ERROR] [slide_H&E_0] FAILED: libopenslide.so.0: cannot open shared object file: No such file or directory
2026-06-19 22:22:00 [ERROR] [slide_H&E_0] FAILED: libopenslide.so.0: cannot open shared object file: No such file or directory
2026-06-19 22:22:00 [ERROR] [slide_H&E_0] FAILED: libopenslide.so.0: cannot open shared object file: No such file or directory
2026-06-19 22:22:00 [ERROR] [slide_H&E_0] FAILED: libopenslide.so.0: cannot open shared object file: No such file or directory
2026-06-19 22:22:00 [ERROR] [slide_H&E_0] FAILED: libopenslide.so.0: cannot open shared object file: No such file or directory
2026-06-19 22:22:00 [ERROR] [slide_H&E_0] FAILED: libopenslide.so.0: cannot open shared object file: No such file or directory
2026-06-19 22:22:00 [ERROR] [slide_H&E_0] FAILED: libopenslide.so.0: cannot open shared object file: No such file or directory
2026-06-19 22:22:00 [ERROR] [slide_H&E_0] FAILED: libopenslide.so.0: cannot open shared object file: No such file or directory
2026-06-19 22:22:00 [ERROR] [slide_H&E_0] FAILED: libopenslide.so.0: cannot open shared object file: No such file or directory
2026-06-19 22:22:00 [ERROR] [slide_H&E_0] FAILED: libopenslide.so.0: cannot open shared object file: No such file or directory
2026-06-19 22:22:00 [ERROR] [slide_H&E_0] FAILED: libopenslide.so.0: cannot open shared object file: No such file or directory
2026-06-19 22:22:00 [ERROR] [slide_H&E_0] FAILED: libopenslide.so.0: cannot open shared object file: No such file or directory
2026-06-19 22:22:00 [ERROR] [slide_H&E_0] FAILED: libopenslide.so.0: cannot open shared object file: No such file or directory
2026-06-19 22:22:00 [ERROR] [slide_H&E_0] FAILED: libopenslide.so.0: cannot open shared object file: No such file or directory
2026-06-19 22:22:00 [ERROR] [slide_H&E_0] FAILED: libopenslide.so.0: cannot open shared object file: No such file or directory
2026-06-19 22:22:00 [ERROR] [slide_H&E_0] FAILED: libopenslide.so.0: cannot open shared object file: No such file or directory
2026-06-19 22:22:00 [ERROR] [slide_H&E_0] FAILED: libopenslide.so.0: cannot open shared object file: No such file or directory
2026-06-19 22:22:00 [ERROR] [slide_H&E_0] FAILED: libopenslide.so.0: cannot open shared object file: No such file or directory
2026-06-19 22:22:00 [ERROR] [slide_H&E_0] FAILED: libopenslide.so.0: cannot open shared object file: No such file or directory
2026-06-19 22:22:00 [ERROR] [slide_H&E_0] FAILED: libopenslide.so.0: cannot open shared object file: No such file or directory
2026-06-19 22:22:00 [ERROR] [slide_H&E_0] FAILED: libopenslide.so.0: cannot open shared object file: No such file or directory
2026-06-19 22:22:00 [ERROR] [slide_H&E_0] FAILED: libopenslide.so.0: cannot open shared object file: No such file or directory
2026-06-19 22:22:00 [ERROR] [slide_H&E_0] FAILED: libopenslide.so.0: cannot open shared object file: No such file or directory
2026-06-19 22:22:00 [ERROR] [slide_H&E_0] FAILED: libopenslide.so.0: cannot open shared object file: No such file or directory
2026-06-19 22:22:00 [ERROR] [slide_H&E_0] FAILED: libopenslide.so.0: cannot open shared object file: No such file or directory
2026-06-19 22:22:00 [ERROR] [slide_H&E_0] FAILED: libopenslide.so.0: cannot open shared object file: No such file or directory
2026-06-19 22:22:00 [ERROR] [slide_H&E_0] FAILED: libopenslide.so.0: cannot open shared object file: No such file or directory
2026-06-19 22:22:00 [ERROR] [slide_H&E_0] FAILED: libopenslide.so.0: cannot open shared object file: No such file or directory
2026-06-19 22:22:00 [ERROR] [slide_H&E_0] FAILED: libopenslide.so.0: cannot open shared object file: No such file or directory
2026-06-19 22:22:00 [ERROR] [slide_H&E_0] FAILED: libopenslide.so.0: cannot open shared object file: No such file or directory
2026-06-19 22:22:00 [ERROR] [slide_H&E_0] FAILED: libopenslide.so.0: cannot open shared object file: No such file or directory
2026-06-19 22:22:00 [ERROR] [slide_H&E_0] FAILED: libopenslide.so.0: cannot open shared object file: No such file or directory
2026-06-19 22:22:00 [ERROR] [slide_H&E_0] FAILED: libopenslide.so.0: cannot open shared object file: No such file or directory
2026-06-19 22:22:00 [ERROR] [slide_H&E_0] FAILED: libopenslide.so.0: cannot open shared object file: No such file or directory
2026-06-19 22:22:00 [ERROR] [slide_H&E_0] FAILED: libopenslide.so.0: cannot open shared object file: No such file or directory
2026-06-19 22:22:00 [ERROR] [slide_H&E_0] FAILED: libopenslide.so.0: cannot open shared object file: No such file or directory
2026-06-19 22:22:00 [ERROR] [slide_H&E_0] FAILED: libopenslide.so.0: cannot open shared object file: No such file or directory
2026-06-19 22:22:00 [ERROR] [slide_H&E_0] FAILED: libopenslide.so.0: cannot open shared object file: No such file or directory
2026-06-19 22:22:00 [ERROR] [slide_H&E_0] FAILED: libopenslide.so.0: cannot open shared object file: No such file or directory
2026-06-19 22:22:00 [ERROR] [slide_H&E_0] FAILED: libopenslide.so.0: cannot open shared object file: No such file or directory
2026-06-19 22:22:00 [ERROR] [slide_H&E_0] FAILED: libopenslide.so.0: cannot open shared object file: No such file or directory
2026-06-19 22:22:00 [ERROR] [slide_H&E_0] FAILED: libopenslide.so.0: cannot open shared object file: No such file or directory
2026-06-19 22:22:00 [ERROR] [slide_H&E_0] FAILED: libopenslide.so.0: cannot open shared object file: No such file or directory
2026-06-19 22:22:00 [ERROR] [slide_H&E_0] FAILED: libopenslide.so.0: cannot open shared object file: No such file or directory
2026-06-19 22:22:00 [ERROR] [slide_H&E_0] FAILED: libopenslide.so.0: cannot open shared object file: No such file or directory
2026-06-19 22:22:00 [ERROR] [slide_H&E_0] FAILED: libopenslide.so.0: cannot open shared object file: No such file or directory
2026-06-19 22:22:00 [ERROR] [slide_H&E_0] FAILED: libopenslide.so.0: cannot open shared object file: No such file or directory
2026-06-19 22:22:00 [ERROR] [slide_H&E_0] FAILED: libopenslide.so.0: cannot open shared object file: No such file or directory
2026-06-19 22:22:00 [ERROR] [slide_H&E_0] FAILED: libopenslide.so.0: cannot open shared object file: No such file or directory
2026-06-19 22:22:00 [ERROR] [slide_H&E_0] FAILED: libopenslide.so.0: cannot open shared object file: No such file or directory
2026-06-19 22:22:00 [ERROR] [slide_H&E_0] FAILED: libopenslide.so.0: cannot open shared object file: No such file or directory
2026-06-19 22:22:00 [ERROR] [slide_H&E_0] FAILED: libopenslide.so.0: cannot open shared object file: No such file or directory
2026-06-19 22:22:00 [ERROR] [slide_H&E_0] FAILED: libopenslide.so.0: cannot open shared object file: No such file or directory
2026-06-19 22:22:00 [ERROR] [slide_H&E_0] FAILED: libopenslide.so.0: cannot open shared object file: No such file or directory
2026-06-19 22:22:00 [ERROR] [slide_H&E_0] FAILED: libopenslide.so.0: cannot open shared object file: No such file or directory
2026-06-19 22:22:00 [ERROR] [slide_H&E_0] FAILED: libopenslide.so.0: cannot open shared object file: No such file or directory
2026-06-19 22:22:00 [ERROR] [slide_H&E_0] FAILED: libopenslide.so.0: cannot open shared object file: No such file or directory
2026-06-19 22:22:00 [ERROR] [slide_H&E_0] FAILED: libopenslide.so.0: cannot open shared object file: No such file or directory
2026-06-19 22:22:00 [ERROR] [slide_H&E_0] FAILED: libopenslide.so.0: cannot open shared object file: No such file or directory
2026-06-19 22:22:00 [ERROR] [slide_H&E_0] FAILED: libopenslide.so.0: cannot open shared object file: No such file or directory
2026-06-19 22:22:00 [ERROR] [slide_H&E_0] FAILED: libopenslide.so.0: cannot open shared object file: No such file or directory
2026-06-19 22:22:00 [ERROR] [slide_H&E_0] FAILED: libopenslide.so.0: cannot open shared object file: No such file or directory
2026-06-19 22:22:00 [ERROR] [slide_H&E_0] FAILED: libopenslide.so.0: cannot open shared object file: No such file or directory
2026-06-19 22:22:00 [ERROR] [slide_H&E_0] FAILED: libopenslide.so.0: cannot open shared object file: No such file or directory
2026-06-19 22:22:00 [ERROR] [slide_H&E_0] FAILED: libopenslide.so.0: cannot open shared object file: No such file or directory
2026-06-19 22:22:00 [ERROR] [slide_H&E_0] FAILED: libopenslide.so.0: cannot open shared object file: No such file or directory
2026-06-19 22:22:00 [ERROR] [slide_H&E_0] FAILED: libopenslide.so.0: cannot open shared object file: No such file or directory
2026-06-19 22:22:00 [ERROR] [slide_H&E_0] FAILED: libopenslide.so.0: cannot open shared object file: No such file or directory
2026-06-19 22:22:00 [ERROR] [slide_H&E_0] FAILED: libopenslide.so.0: cannot open shared object file: No such file or directory
2026-06-19 22:22:00 [ERROR] [slide_H&E_0] FAILED: libopenslide.so.0: cannot open shared object file: No such file or directory
2026-06-19 22:22:00 [ERROR] [slide_H&E_0] FAILED: libopenslide.so.0: cannot open shared object file: No such file or directory
2026-06-19 22:22:00 [ERROR] [slide_H&E_0] FAILED: libopenslide.so.0: cannot open shared object file: No such file or directory
2026-06-19 22:22:00 [ERROR] [slide_H&E_0] FAILED: libopenslide.so.0: cannot open shared object file: No such file or directory
2026-06-19 22:22:00 [ERROR] [slide_H&E_0] FAILED: libopenslide.so.0: cannot open shared object file: No such file or directory
2026-06-19 22:22:00 [ERROR] [slide_H&E_0] FAILED: libopenslide.so.0: cannot open shared object file: No such file or directory
2026-06-19 22:22:00 [ERROR] [slide_H&E_0] FAILED: libopenslide.so.0: cannot open shared object file: No such file or directory
2026-06-19 22:22:00 [ERROR] [slide_H&E_0] FAILED: libopenslide.so.0: cannot open shared object file: No such file or directory
2026-06-19 22:22:00 [ERROR] [slide_H&E_0] FAILED: libopenslide.so.0: cannot open shared object file: No such file or directory
2026-06-19 22:22:00 [ERROR] [slide_H&E_0] FAILED: libopenslide.so.0: cannot open shared object file: No such file or directory
2026-06-19 22:22:00 [ERROR] [slide_H&E_0] FAILED: libopenslide.so.0: cannot open shared object file: No such file or directory
2026-06-19 22:22:00 [ERROR] [slide_H&E_0] FAILED: libopenslide.so.0: cannot open shared object file: No such file or directory
2026-06-19 22:22:00 [ERROR] [slide_H&E_0] FAILED: libopenslide.so.0: cannot open shared object file: No such file or directory
2026-06-19 22:22:00 [ERROR] [slide_H&E_0] FAILED: libopenslide.so.0: cannot open shared object file: No such file or directory
2026-06-19 22:22:00 [ERROR] [slide_H&E_0] FAILED: libopenslide.so.0: cannot open shared object file: No such file or directory
2026-06-19 22:22:00 [ERROR] [slide_H&E_0] FAILED: libopenslide.so.0: cannot open shared object file: No such file or directory
2026-06-19 22:22:00 [ERROR] [slide_H&E_0] FAILED: libopenslide.so.0: cannot open shared object file: No such file or directory
2026-06-19 22:22:00 [ERROR] [slide_H&E_0] FAILED: libopenslide.so.0: cannot open shared object file: No such file or directory
2026-06-19 22:22:00 [ERROR] [slide_H&E_0] FAILED: libopenslide.so.0: cannot open shared object file: No such file or directory
2026-06-19 22:22:00 [ERROR] [slide_H&E_0] FAILED: libopenslide.so.0: cannot open shared object file: No such file or directory
2026-06-19 22:22:00 [ERROR] [slide_H&E_0] FAILED: libopenslide.so.0: cannot open shared object file: No such file or directory
2026-06-19 22:22:00 [ERROR] [slide_H&E_0] FAILED: libopenslide.so.0: cannot open shared object file: No such file or directory
2026-06-19 22:22:00 [ERROR] [slide_H&E_0] FAILED: libopenslide.so.0: cannot open shared object file: No such file or directory
2026-06-19 22:22:00 [ERROR] [slide_H&E_0] FAILED: libopenslide.so.0: cannot open shared object file: No such file or directory
2026-06-19 22:22:00 [ERROR] [slide_H&E_0] FAILED: libopenslide.so.0: cannot open shared object file: No such file or directory
2026-06-19 22:22:00 [ERROR] [slide_H&E_0] FAILED: libopenslide.so.0: cannot open shared object file: No such file or directory
2026-06-19 22:22:00 [ERROR] [slide_H&E_0] FAILED: libopenslide.so.0: cannot open shared object file: No such file or directory
2026-06-19 22:22:00 [ERROR] [slide_H&E_0] FAILED: libopenslide.so.0: cannot open shared object file: No such file or directory
2026-06-19 22:22:00 [ERROR] [slide_H&E_0] FAILED: libopenslide.so.0: cannot open shared object file: No such file or directory
2026-06-19 22:22:00 [ERROR] [slide_H&E_0] FAILED: libopenslide.so.0: cannot open shared object file: No such file or directory
2026-06-19 22:22:00 [ERROR] [slide_H&E_0] FAILED: libopenslide.so.0: cannot open shared object file: No such file or directory
2026-06-19 22:22:00 [ERROR] [slide_H&E_0] FAILED: libopenslide.so.0: cannot open shared object file: No such file or directory
2026-06-19 22:22:00 [ERROR] [slide_H&E_0] FAILED: libopenslide.so.0: cannot open shared object file: No such file or directory
2026-06-19 22:22:00 [ERROR] [slide_H&E_0] FAILED: libopenslide.so.0: cannot open shared object file: No such file or directory
2026-06-19 22:22:00 [ERROR] [slide_H&E_0] FAILED: libopenslide.so.0: cannot open shared object file: No such file or directory
2026-06-19 22:22:00 [ERROR] [slide_H&E_0] FAILED: libopenslide.so.0: cannot open shared object file: No such file or directory
2026-06-19 22:22:00 [ERROR] [slide_H&E_0] FAILED: libopenslide.so.0: cannot open shared object file: No such file or directory
2026-06-19 22:22:00 [ERROR] [slide_H&E_0] FAILED: libopenslide.so.0: cannot open shared object file: No such file or directory
2026-06-19 22:22:00 [ERROR] [slide_H&E_0] FAILED: libopenslide.so.0: cannot open shared object file: No such file or directory
2026-06-19 22:22:00 [ERROR] [slide_H&E_0] FAILED: libopenslide.so.0: cannot open shared object file: No such file or directory
2026-06-19 22:22:00 [ERROR] [slide_H&E_0] FAILED: libopenslide.so.0: cannot open shared object file: No such file or directory
2026-06-19 22:22:00 [ERROR] [slide_H&E_0] FAILED: libopenslide.so.0: cannot open shared object file: No such file or directory
2026-06-19 22:22:00 [ERROR] [slide_H&E_0] FAILED: libopenslide.so.0: cannot open shared object file: No such file or directory
2026-06-19 22:22:00 [ERROR] [slide_H&E_0] FAILED: libopenslide.so.0: cannot open shared object file: No such file or directory
2026-06-19 22:22:00 [ERROR] [slide_H&E_0] FAILED: libopenslide.so.0: cannot open shared object file: No such file or directory
2026-06-19 22:22:00 [ERROR] [slide_H&E_0] FAILED: libopenslide.so.0: cannot open shared object file: No such file or directory
2026-06-19 22:22:00 [ERROR] [slide_H&E_0] FAILED: libopenslide.so.0: cannot open shared object file: No such file or directory
2026-06-19 22:22:00 [ERROR] [slide_H&E_0] FAILED: libopenslide.so.0: cannot open shared object file: No such file or directory
2026-06-19 22:22:00 [ERROR] [slide_H&E_0] FAILED: libopenslide.so.0: cannot open shared object file: No such file or directory
2026-06-19 22:22:00 [ERROR] [slide_H&E_0] FAILED: libopenslide.so.0: cannot open shared object file: No such file or directory
2026-06-19 22:22:00 [ERROR] [slide_H&E_0] FAILED: libopenslide.so.0: cannot open shared object file: No such file or directory
2026-06-19 22:22:00 [ERROR] [slide_H&E_0] FAILED: libopenslide.so.0: cannot open shared object file: No such file or directory
2026-06-19 22:22:00 [ERROR] [slide_H&E_0] FAILED: libopenslide.so.0: cannot open shared object file: No such file or directory
2026-06-19 22:22:00 [ERROR] [slide_H&E_0] FAILED: libopenslide.so.0: cannot open shared object file: No such file or directory
2026-06-19 22:22:00 [ERROR] [slide_H&E_0] FAILED: libopenslide.so.0: cannot open shared object file: No such file or directory
2026-06-19 22:22:00 [ERROR] [slide_H&E_0] FAILED: libopenslide.so.0: cannot open shared object file: No such file or directory
2026-06-19 22:22:00 [ERROR] [slide_H&E_0] FAILED: libopenslide.so.0: cannot open shared object file: No such file or directory
2026-06-19 22:22:00 [ERROR] [slide_H&E_0] FAILED: libopenslide.so.0: cannot open shared object file: No such file or directory
2026-06-19 22:22:00 [ERROR] [slide_H&E_0] FAILED: libopenslide.so.0: cannot open shared object file: No such file or directory
2026-06-19 22:22:00 [ERROR] [slide_H&E_0] FAILED: libopenslide.so.0: cannot open shared object file: No such file or directory
2026-06-19 22:22:00 [ERROR] [slide_H&E_0] FAILED: libopenslide.so.0: cannot open shared object file: No such file or directory
2026-06-19 22:22:00 [ERROR] [slide_H&E_0] FAILED: libopenslide.so.0: cannot open shared object file: No such file or directory
2026-06-19 22:22:00 [ERROR] [slide_H&E_0] FAILED: libopenslide.so.0: cannot open shared object file: No such file or directory
2026-06-19 22:22:00 [ERROR] [slide_H&E_0] FAILED: libopenslide.so.0: cannot open shared object file: No such file or directory
2026-06-19 22:22:00 [ERROR] [slide_H&E_0] FAILED: libopenslide.so.0: cannot open shared object file: No such file or directory
2026-06-19 22:22:00 [ERROR] [slide_H&E_0] FAILED: libopenslide.so.0: cannot open shared object file: No such file or directory
2026-06-19 22:22:00 [ERROR] [slide_H&E_0] FAILED: libopenslide.so.0: cannot open shared object file: No such file or directory
2026-06-19 22:22:00 [ERROR] [slide_H&E_0] FAILED: libopenslide.so.0: cannot open shared object file: No such file or directory
2026-06-19 22:22:00 [ERROR] [slide_H&E_0] FAILED: libopenslide.so.0: cannot open shared object file: No such file or directory
2026-06-19 22:22:00 [ERROR] [slide_H&E_0] FAILED: libopenslide.so.0: cannot open shared object file: No such file or directory
2026-06-19 22:22:00 [ERROR] [slide_H&E_0] FAILED: libopenslide.so.0: cannot open shared object file: No such file or directory
2026-06-19 22:22:00 [ERROR] [slide_H&E_0] FAILED: libopenslide.so.0: cannot open shared object file: No such file or directory
2026-06-19 22:22:00 [ERROR] [slide_H&E_0] FAILED: libopenslide.so.0: cannot open shared object file: No such file or directory
2026-06-19 22:22:00 [ERROR] [slide_H&E_0] FAILED: libopenslide.so.0: cannot open shared object file: No such file or directory
2026-06-19 22:22:00 [ERROR] [slide_H&E_0] FAILED: libopenslide.so.0: cannot open shared object file: No such file or directory
2026-06-19 22:22:00 [ERROR] [slide_H&E_0] FAILED: libopenslide.so.0: cannot open shared object file: No such file or directory
2026-06-19 22:22:00 [ERROR] [slide_H&E_0] FAILED: libopenslide.so.0: cannot open shared object file: No such file or directory
2026-06-19 22:22:00 [ERROR] [slide_H&E_0] FAILED: libopenslide.so.0: cannot open shared object file: No such file or directory
2026-06-19 22:22:00 [ERROR] [slide_H&E_0] FAILED: libopenslide.so.0: cannot open shared object file: No such file or directory
2026-06-19 22:22:00 [ERROR] [slide_H&E_0] FAILED: libopenslide.so.0: cannot open shared object file: No such file or directory
2026-06-19 22:22:00 [ERROR] [slide_H&E_0] FAILED: libopenslide.so.0: cannot open shared object file: No such file or directory
2026-06-19 22:22:00 [ERROR] [slide_H&E_0] FAILED: libopenslide.so.0: cannot open shared object file: No such file or directory
2026-06-19 22:22:00 [ERROR] [slide_H&E_0] FAILED: libopenslide.so.0: cannot open shared object file: No such file or directory
2026-06-19 22:22:00 [ERROR] [slide_H&E_0] FAILED: libopenslide.so.0: cannot open shared object file: No such file or directory
2026-06-19 22:22:00 [ERROR] [slide_H&E_0] FAILED: libopenslide.so.0: cannot open shared object file: No such file or directory
2026-06-19 22:22:00 [ERROR] [slide_H&E_0] FAILED: libopenslide.so.0: cannot open shared object file: No such file or directory
2026-06-19 22:22:00 [ERROR] [slide_H&E_0] FAILED: libopenslide.so.0: cannot open shared object file: No such file or directory
2026-06-19 22:22:00 [ERROR] [slide_H&E_0] FAILED: libopenslide.so.0: cannot open shared object file: No such file or directory
2026-06-19 22:22:00 [ERROR] [slide_H&E_0] FAILED: libopenslide.so.0: cannot open shared object file: No such file or directory
2026-06-19 22:22:00 [ERROR] [slide_H&E_0] FAILED: libopenslide.so.0: cannot open shared object file: No such file or directory
2026-06-19 22:22:00 [ERROR] [slide_H&E_0] FAILED: libopenslide.so.0: cannot open shared object file: No such file or directory
2026-06-19 22:22:00 [ERROR] [slide_H&E_0] FAILED: libopenslide.so.0: cannot open shared object file: No such file or directory
2026-06-19 22:22:00 [ERROR] [slide_H&E_0] FAILED: libopenslide.so.0: cannot open shared object file: No such file or directory
2026-06-19 22:22:00 [ERROR] [slide_H&E_0] FAILED: libopenslide.so.0: cannot open shared object file: No such file or directory
2026-06-19 22:22:00 [ERROR] [slide_H&E_0] FAILED: libopenslide.so.0: cannot open shared object file: No such file or directory
2026-06-19 22:22:00 [ERROR] [slide_H&E_0] FAILED: libopenslide.so.0: cannot open shared object file: No such file or directory
2026-06-19 22:22:00 [ERROR] [slide_H&E_0] FAILED: libopenslide.so.0: cannot open shared object file: No such file or directory
2026-06-19 22:22:00 [ERROR] [slide_H&E_0] FAILED: libopenslide.so.0: cannot open shared object file: No such file or directory
2026-06-19 22:22:00 [ERROR] [slide_H&E_0] FAILED: libopenslide.so.0: cannot open shared object file: No such file or directory
2026-06-19 22:22:00 [ERROR] [slide_H&E_0] FAILED: libopenslide.so.0: cannot open shared object file: No such file or directory
2026-06-19 22:22:00 [ERROR] [slide_H&E_0] FAILED: libopenslide.so.0: cannot open shared object file: No such file or directory
2026-06-19 22:22:00 [ERROR] [slide_H&E_0] FAILED: libopenslide.so.0: cannot open shared object file: No such file or directory
2026-06-19 22:22:00 [ERROR] [slide_H&E_0] FAILED: libopenslide.so.0: cannot open shared object file: No such file or directory
2026-06-19 22:22:00 [ERROR] [slide_H&E_0] FAILED: libopenslide.so.0: cannot open shared object file: No such file or directory
2026-06-19 22:22:00 [ERROR] [slide_H&E_0] FAILED: libopenslide.so.0: cannot open shared object file: No such file or directory
2026-06-19 22:22:00 [ERROR] [slide_H&E_0] FAILED: libopenslide.so.0: cannot open shared object file: No such file or directory
2026-06-19 22:22:00 [ERROR] [slide_H&E_0] FAILED: libopenslide.so.0: cannot open shared object file: No such file or directory
2026-06-19 22:22:00 [ERROR] [slide_H&E_0] FAILED: libopenslide.so.0: cannot open shared object file: No such file or directory
2026-06-19 22:22:00 [ERROR] [slide_H&E_0] FAILED: libopenslide.so.0: cannot open shared object file: No such file or directory
2026-06-19 22:22:00 [ERROR] [slide_H&E_0] FAILED: libopenslide.so.0: cannot open shared object file: No such file or directory
2026-06-19 22:22:00 [ERROR] [slide_H&E_0] FAILED: libopenslide.so.0: cannot open shared object file: No such file or directory
2026-06-19 22:22:00 [ERROR] [slide_H&E_0] FAILED: libopenslide.so.0: cannot open shared object file: No such file or directory
2026-06-19 22:22:00 [ERROR] [slide_H&E_0] FAILED: libopenslide.so.0: cannot open shared object file: No such file or directory
2026-06-19 22:22:00 [ERROR] [slide_H&E_0] FAILED: libopenslide.so.0: cannot open shared object file: No such file or directory
2026-06-19 22:22:00 [ERROR] [slide_H&E_0] FAILED: libopenslide.so.0: cannot open shared object file: No such file or directory
2026-06-19 22:22:00 [ERROR] [slide_H&E_0] FAILED: libopenslide.so.0: cannot open shared object file: No such file or directory
2026-06-19 22:22:00 [ERROR] [slide_H&E_0] FAILED: libopenslide.so.0: cannot open shared object file: No such file or directory
2026-06-19 22:22:00 [ERROR] [slide_H&E_0] FAILED: libopenslide.so.0: cannot open shared object file: No such file or directory
2026-06-19 22:22:00 [ERROR] [slide_H&E_0] FAILED: libopenslide.so.0: cannot open shared object file: No such file or directory
2026-06-19 22:22:00 [ERROR] [slide_H&E_0] FAILED: libopenslide.so.0: cannot open shared object file: No such file or directory
2026-06-19 22:22:00 [ERROR] [slide_H&E_0] FAILED: libopenslide.so.0: cannot open shared object file: No such file or directory
2026-06-19 22:22:00 [ERROR] [slide_H&E_0] FAILED: libopenslide.so.0: cannot open shared object file: No such file or directory
2026-06-19 22:22:00 [ERROR] [slide_H&E_0] FAILED: libopenslide.so.0: cannot open shared object file: No such file or directory
2026-06-19 22:22:00 [ERROR] [slide_H&E_0] FAILED: libopenslide.so.0: cannot open shared object file: No such file or directory
2026-06-19 22:22:00 [ERROR] [slide_H&E_0] FAILED: libopenslide.so.0: cannot open shared object file: No such file or directory
2026-06-19 22:22:00 [ERROR] [slide_H&E_0] FAILED: libopenslide.so.0: cannot open shared object file: No such file or directory
2026-06-19 22:22:00 [ERROR] [slide_H&E_0] FAILED: libopenslide.so.0: cannot open shared object file: No such file or directory
2026-06-19 22:22:00 [ERROR] [slide_H&E_0] FAILED: libopenslide.so.0: cannot open shared object file: No such file or directory
2026-06-19 22:22:00 [ERROR] [slide_H&E_0] FAILED: libopenslide.so.0: cannot open shared object file: No such file or directory
2026-06-19 22:22:00 [ERROR] [slide_H&E_0] FAILED: libopenslide.so.0: cannot open shared object file: No such file or directory
2026-06-19 22:22:00 [ERROR] [slide_H&E_0] FAILED: libopenslide.so.0: cannot open shared object file: No such file or directory
2026-06-19 22:22:00 [ERROR] [slide_H&E_0] FAILED: libopenslide.so.0: cannot open shared object file: No such file or directory
2026-06-19 22:22:00 [ERROR] [slide_H&E_0] FAILED: libopenslide.so.0: cannot open shared object file: No such file or directory
2026-06-19 22:22:00 [ERROR] [slide_H&E_0] FAILED: libopenslide.so.0: cannot open shared object file: No such file or directory
2026-06-19 22:22:00 [ERROR] [slide_H&E_0] FAILED: libopenslide.so.0: cannot open shared object file: No such file or directory
2026-06-19 22:22:00 [ERROR] [slide_H&E_0] FAILED: libopenslide.so.0: cannot open shared object file: No such file or directory
2026-06-19 22:22:00 [ERROR] [slide_H&E_0] FAILED: libopenslide.so.0: cannot open shared object file: No such file or directory
2026-06-19 22:22:00 [ERROR] [slide_H&E_0] FAILED: libopenslide.so.0: cannot open shared object file: No such file or directory
2026-06-19 22:22:00 [ERROR] [slide_H&E_0] FAILED: libopenslide.so.0: cannot open shared object file: No such file or directory
2026-06-19 22:22:00 [ERROR] [slide_H&E_0] FAILED: libopenslide.so.0: cannot open shared object file: No such file or directory
2026-06-19 22:22:00 [ERROR] [slide_H&E_0] FAILED: libopenslide.so.0: cannot open shared object file: No such file or directory
2026-06-19 22:22:00 [ERROR] [slide_H&E_0] FAILED: libopenslide.so.0: cannot open shared object file: No such file or directory
2026-06-19 22:22:00 [ERROR] [slide_H&E_0] FAILED: libopenslide.so.0: cannot open shared object file: No such file or directory
2026-06-19 22:22:00 [ERROR] [slide_H&E_0] FAILED: libopenslide.so.0: cannot open shared object file: No such file or directory
2026-06-19 22:22:00 [ERROR] [slide_H&E_0] FAILED: libopenslide.so.0: cannot open shared object file: No such file or directory
2026-06-19 22:22:00 [ERROR] [slide_H&E_0] FAILED: libopenslide.so.0: cannot open shared object file: No such file or directory
2026-06-19 22:22:00 [ERROR] [slide_H&E_0] FAILED: libopenslide.so.0: cannot open shared object file: No such file or directory
2026-06-19 22:22:00 [ERROR] [slide_H&E_0] FAILED: libopenslide.so.0: cannot open shared object file: No such file or directory
2026-06-19 22:22:00 [ERROR] [slide_H&E_0] FAILED: libopenslide.so.0: cannot open shared object file: No such file or directory
2026-06-19 22:22:00 [ERROR] [slide_H&E_0] FAILED: libopenslide.so.0: cannot open shared object file: No such file or directory
2026-06-19 22:22:00 [ERROR] [slide_H&E_0] FAILED: libopenslide.so.0: cannot open shared object file: No such file or directory
2026-06-19 22:22:00 [ERROR] [slide_H&E_0] FAILED: libopenslide.so.0: cannot open shared object file: No such file or directory
2026-06-19 22:22:00 [ERROR] [slide_H&E_0] FAILED: libopenslide.so.0: cannot open shared object file: No such file or directory
2026-06-19 22:22:00 [ERROR] [slide_H&E_0] FAILED: libopenslide.so.0: cannot open shared object file: No such file or directory
2026-06-19 22:22:00 [ERROR] [slide_H&E_0] FAILED: libopenslide.so.0: cannot open shared object file: No such file or directory
2026-06-19 22:22:00 [ERROR] [slide_H&E_0] FAILED: libopenslide.so.0: cannot open shared object file: No such file or directory
2026-06-19 22:22:00 [ERROR] [slide_H&E_0] FAILED: libopenslide.so.0: cannot open shared object file: No such file or directory
2026-06-19 22:22:00 [ERROR] [slide_H&E_0] FAILED: libopenslide.so.0: cannot open shared object file: No such file or directory
2026-06-19 22:22:00 [ERROR] [slide_H&E_0] FAILED: libopenslide.so.0: cannot open shared object file: No such file or directory
2026-06-19 22:22:00 [ERROR] [slide_H&E_0] FAILED: libopenslide.so.0: cannot open shared object file: No such file or directory
2026-06-19 22:22:00 [ERROR] [slide_H&E_0] FAILED: libopenslide.so.0: cannot open shared object file: No such file or directory
2026-06-19 22:22:00 [ERROR] [slide_H&E_0] FAILED: libopenslide.so.0: cannot open shared object file: No such file or directory
2026-06-19 22:22:00 [ERROR] [slide_H&E_0] FAILED: libopenslide.so.0: cannot open shared object file: No such file or directory
2026-06-19 22:22:00 [ERROR] [slide_H&E_0] FAILED: libopenslide.so.0: cannot open shared object file: No such file or directory
2026-06-19 22:22:00 [ERROR] [slide_H&E_0] FAILED: libopenslide.so.0: cannot open shared object file: No such file or directory
2026-06-19 22:22:00 [ERROR] [slide_H&E_0] FAILED: libopenslide.so.0: cannot open shared object file: No such file or directory
2026-06-19 22:22:00 [ERROR] [slide_H&E_0] FAILED: libopenslide.so.0: cannot open shared object file: No such file or directory
2026-06-19 22:22:00 [ERROR] [slide_H&E_0] FAILED: libopenslide.so.0: cannot open shared object file: No such file or directory
2026-06-19 22:22:00 [ERROR] [slide_H&E_0] FAILED: libopenslide.so.0: cannot open shared object file: No such file or directory
2026-06-19 22:22:00 [ERROR] [slide_H&E_0] FAILED: libopenslide.so.0: cannot open shared object file: No such file or directory
2026-06-19 22:22:00 [ERROR] [slide_H&E_0] FAILED: libopenslide.so.0: cannot open shared object file: No such file or directory
2026-06-19 22:22:00 [ERROR] [slide_H&E_0] FAILED: libopenslide.so.0: cannot open shared object file: No such file or directory
2026-06-19 22:22:00 [ERROR] [slide_H&E_0] FAILED: libopenslide.so.0: cannot open shared object file: No such file or directory
2026-06-19 22:22:00 [ERROR] [slide_H&E_0] FAILED: libopenslide.so.0: cannot open shared object file: No such file or directory
2026-06-19 22:22:00 [ERROR] [slide_H&E_0] FAILED: libopenslide.so.0: cannot open shared object file: No such file or directory
2026-06-19 22:22:00 [ERROR] [slide_H&E_0] FAILED: libopenslide.so.0: cannot open shared object file: No such file or directory
2026-06-19 22:22:00 [ERROR] [slide_H&E_0] FAILED: libopenslide.so.0: cannot open shared object file: No such file or directory
2026-06-19 22:22:00 [ERROR] [slide_H&E_0] FAILED: libopenslide.so.0: cannot open shared object file: No such file or directory
2026-06-19 22:22:00 [ERROR] [slide_H&E_0] FAILED: libopenslide.so.0: cannot open shared object file: No such file or directory
2026-06-19 22:22:00 [ERROR] [slide_H&E_0] FAILED: libopenslide.so.0: cannot open shared object file: No such file or directory
2026-06-19 22:22:00 [ERROR] [slide_H&E_0] FAILED: libopenslide.so.0: cannot open shared object file: No such file or directory
2026-06-19 22:22:00 [ERROR] [slide_H&E_0] FAILED: libopenslide.so.0: cannot open shared object file: No such file or directory
2026-06-19 22:22:00 [ERROR] [slide_H&E_0] FAILED: libopenslide.so.0: cannot open shared object file: No such file or directory
2026-06-19 22:22:00 [ERROR] [slide_H&E_0] FAILED: libopenslide.so.0: cannot open shared object file: No such file or directory
2026-06-19 22:22:00 [ERROR] [slide_H&E_0] FAILED: libopenslide.so.0: cannot open shared object file: No such file or directory
2026-06-19 22:22:00 [ERROR] [slide_H&E_0] FAILED: libopenslide.so.0: cannot open shared object file: No such file or directory
2026-06-19 22:22:00 [ERROR] [slide_H&E_0] FAILED: libopenslide.so.0: cannot open shared object file: No such file or directory
2026-06-19 22:22:00 [ERROR] [slide_H&E_0] FAILED: libopenslide.so.0: cannot open shared object file: No such file or directory
2026-06-19 22:22:00 [ERROR] [slide_H&E_0] FAILED: libopenslide.so.0: cannot open shared object file: No such file or directory
2026-06-19 22:22:00 [ERROR] [slide_H&E_0] FAILED: libopenslide.so.0: cannot open shared object file: No such file or directory
2026-06-19 22:22:00 [ERROR] [slide_H&E_0] FAILED: libopenslide.so.0: cannot open shared object file: No such file or directory
2026-06-19 22:22:00 [ERROR] [slide_H&E_0] FAILED: libopenslide.so.0: cannot open shared object file: No such file or directory
2026-06-19 22:22:00 [ERROR] [slide_H&E_0] FAILED: libopenslide.so.0: cannot open shared object file: No such file or directory
2026-06-19 22:22:00 [ERROR] [slide_H&E_0] FAILED: libopenslide.so.0: cannot open shared object file: No such file or directory
2026-06-19 22:22:00 [ERROR] [slide_H&E_0] FAILED: libopenslide.so.0: cannot open shared object file: No such file or directory
2026-06-19 22:22:00 [ERROR] [slide_H&E_0] FAILED: libopenslide.so.0: cannot open shared object file: No such file or directory
2026-06-19 22:22:00 [ERROR] [slide_H&E_0] FAILED: libopenslide.so.0: cannot open shared object file: No such file or directory
2026-06-19 22:22:00 [ERROR] [slide_H&E_0] FAILED: libopenslide.so.0: cannot open shared object file: No such file or directory
2026-06-19 22:22:00 [ERROR] [slide_H&E_0] FAILED: libopenslide.so.0: cannot open shared object file: No such file or directory
2026-06-19 22:22:00 [ERROR] [slide_H&E_0] FAILED: libopenslide.so.0: cannot open shared object file: No such file or directory
2026-06-19 22:22:00 [ERROR] [slide_H&E_0] FAILED: libopenslide.so.0: cannot open shared object file: No such file or directory
2026-06-19 22:22:00 [ERROR] [slide_H&E_0] FAILED: libopenslide.so.0: cannot open shared object file: No such file or directory
2026-06-19 22:22:00 [ERROR] [slide_H&E_0] FAILED: libopenslide.so.0: cannot open shared object file: No such file or directory
2026-06-19 22:22:00 [ERROR] [slide_H&E_0] FAILED: libopenslide.so.0: cannot open shared object file: No such file or directory
2026-06-19 22:22:00 [ERROR] [slide_H&E_0] FAILED: libopenslide.so.0: cannot open shared object file: No such file or directory
2026-06-19 22:22:00 [ERROR] [slide_H&E_0] FAILED: libopenslide.so.0: cannot open shared object file: No such file or directory
2026-06-19 22:22:00 [ERROR] [slide_H&E_0] FAILED: libopenslide.so.0: cannot open shared object file: No such file or directory
2026-06-19 22:22:00 [ERROR] [slide_H&E_0] FAILED: libopenslide.so.0: cannot open shared object file: No such file or directory
2026-06-19 22:22:00 [ERROR] [slide_H&E_0] FAILED: libopenslide.so.0: cannot open shared object file: No such file or directory
2026-06-19 22:22:00 [ERROR] [slide_H&E_0] FAILED: libopenslide.so.0: cannot open shared object file: No such file or directory
2026-06-19 22:22:00 [ERROR] [slide_H&E_0] FAILED: libopenslide.so.0: cannot open shared object file: No such file or directory
2026-06-19 22:22:00 [ERROR] [slide_H&E_0] FAILED: libopenslide.so.0: cannot open shared object file: No such file or directory
2026-06-19 22:22:00 [ERROR] [slide_H&E_0] FAILED: libopenslide.so.0: cannot open shared object file: No such file or directory
2026-06-19 22:22:00 [ERROR] [slide_H&E_0] FAILED: libopenslide.so.0: cannot open shared object file: No such file or directory
2026-06-19 22:22:00 [ERROR] [slide_H&E_0] FAILED: libopenslide.so.0: cannot open shared object file: No such file or directory
2026-06-19 22:22:00 [ERROR] [slide_H&E_0] FAILED: libopenslide.so.0: cannot open shared object file: No such file or directory
2026-06-19 22:22:00 [ERROR] [slide_H&E_0] FAILED: libopenslide.so.0: cannot open shared object file: No such file or directory
2026-06-19 22:22:00 [ERROR] [slide_H&E_0] FAILED: libopenslide.so.0: cannot open shared object file: No such file or directory
2026-06-19 22:22:00 [ERROR] [slide_H&E_0] FAILED: libopenslide.so.0: cannot open shared object file: No such file or directory
2026-06-19 22:22:00 [ERROR] [slide_H&E_0] FAILED: libopenslide.so.0: cannot open shared object file: No such file or directory
2026-06-19 22:22:00 [ERROR] [slide_H&E_0] FAILED: libopenslide.so.0: cannot open shared object file: No such file or directory
2026-06-19 22:22:00 [ERROR] [slide_H&E_0] FAILED: libopenslide.so.0: cannot open shared object file: No such file or directory
2026-06-19 22:22:00 [ERROR] [slide_H&E_0] FAILED: libopenslide.so.0: cannot open shared object file: No such file or directory
2026-06-19 22:22:00 [ERROR] [slide_H&E_0] FAILED: libopenslide.so.0: cannot open shared object file: No such file or directory
2026-06-19 22:22:00 [ERROR] [slide_H&E_0] FAILED: libopenslide.so.0: cannot open shared object file: No such file or directory
2026-06-19 22:22:00 [ERROR] [slide_H&E_0] FAILED: libopenslide.so.0: cannot open shared object file: No such file or directory
2026-06-19 22:22:00 [ERROR] [slide_H&E_0] FAILED: libopenslide.so.0: cannot open shared object file: No such file or directory
2026-06-19 22:22:00 [ERROR] [slide_H&E_0] FAILED: libopenslide.so.0: cannot open shared object file: No such file or directory
2026-06-19 22:22:00 [ERROR] [slide_H&E_0] FAILED: libopenslide.so.0: cannot open shared object file: No such file or directory
2026-06-19 22:22:00 [ERROR] [slide_H&E_0] FAILED: libopenslide.so.0: cannot open shared object file: No such file or directory
2026-06-19 22:22:00 [ERROR] [slide_H&E_0] FAILED: libopenslide.so.0: cannot open shared object file: No such file or directory
2026-06-19 22:22:00 [ERROR] [slide_H&E_0] FAILED: libopenslide.so.0: cannot open shared object file: No such file or directory
2026-06-19 22:22:00 [ERROR] [slide_H&E_0] FAILED: libopenslide.so.0: cannot open shared object file: No such file or directory
2026-06-19 22:22:00 [ERROR] [slide_H&E_0] FAILED: libopenslide.so.0: cannot open shared object file: No such file or directory
2026-06-19 22:22:00 [ERROR] [slide_H&E_0] FAILED: libopenslide.so.0: cannot open shared object file: No such file or directory
2026-06-19 22:22:00 [ERROR] [slide_H&E_0] FAILED: libopenslide.so.0: cannot open shared object file: No such file or directory
2026-06-19 22:22:00 [ERROR] [slide_H&E_0] FAILED: libopenslide.so.0: cannot open shared object file: No such file or directory
2026-06-19 22:22:00 [ERROR] [slide_H&E_0] FAILED: libopenslide.so.0: cannot open shared object file: No such file or directory
2026-06-19 22:22:00 [ERROR] [slide_H&E_0] FAILED: libopenslide.so.0: cannot open shared object file: No such file or directory
2026-06-19 22:22:00 [ERROR] [slide_H&E_0] FAILED: libopenslide.so.0: cannot open shared object file: No such file or directory
2026-06-19 22:22:00 [ERROR] [slide_H&E_0] FAILED: libopenslide.so.0: cannot open shared object file: No such file or directory
2026-06-19 22:22:00 [ERROR] [slide_H&E_0] FAILED: libopenslide.so.0: cannot open shared object file: No such file or directory
2026-06-19 22:22:00 [ERROR] [slide_H&E_0] FAILED: libopenslide.so.0: cannot open shared object file: No such file or directory
2026-06-19 22:22:00 [ERROR] [slide_H&E_0] FAILED: libopenslide.so.0: cannot open shared object file: No such file or directory
2026-06-19 22:22:00 [ERROR] [slide_H&E_0] FAILED: libopenslide.so.0: cannot open shared object file: No such file or directory
2026-06-19 22:22:00 [ERROR] [slide_H&E_0] FAILED: libopenslide.so.0: cannot open shared object file: No such file or directory
2026-06-19 22:22:00 [ERROR] [slide_H&E_0] FAILED: libopenslide.so.0: cannot open shared object file: No such file or directory
2026-06-19 22:22:00 [ERROR] [slide_H&E_0] FAILED: libopenslide.so.0: cannot open shared object file: No such file or directory
2026-06-19 22:22:00 [ERROR] [slide_H&E_0] FAILED: libopenslide.so.0: cannot open shared object file: No such file or directory
2026-06-19 22:22:00 [ERROR] [slide_H&E_0] FAILED: libopenslide.so.0: cannot open shared object file: No such file or directory
2026-06-19 22:22:00 [ERROR] [slide_H&E_0] FAILED: libopenslide.so.0: cannot open shared object file: No such file or directory
2026-06-19 22:22:00 [ERROR] [slide_H&E_0] FAILED: libopenslide.so.0: cannot open shared object file: No such file or directory
2026-06-19 22:22:00 [ERROR] [slide_H&E_0] FAILED: libopenslide.so.0: cannot open shared object file: No such file or directory
2026-06-19 22:22:00 [ERROR] [slide_H&E_0] FAILED: libopenslide.so.0: cannot open shared object file: No such file or directory
2026-06-19 22:22:00 [ERROR] [slide_H&E_0] FAILED: libopenslide.so.0: cannot open shared object file: No such file or directory
2026-06-19 22:22:00 [ERROR] [slide_H&E_0] FAILED: libopenslide.so.0: cannot open shared object file: No such file or directory
2026-06-19 22:22:00 [ERROR] [slide_H&E_0] FAILED: libopenslide.so.0: cannot open shared object file: No such file or directory
2026-06-19 22:22:00 [ERROR] [slide_H&E_0] FAILED: libopenslide.so.0: cannot open shared object file: No such file or directory
2026-06-19 22:22:00 [ERROR] [slide_H&E_0] FAILED: libopenslide.so.0: cannot open shared object file: No such file or directory
2026-06-19 22:22:00 [ERROR] [slide_H&E_0] FAILED: libopenslide.so.0: cannot open shared object file: No such file or directory
2026-06-19 22:22:00 [ERROR] [slide_H&E_0] FAILED: libopenslide.so.0: cannot open shared object file: No such file or directory
2026-06-19 22:22:00 [ERROR] [slide_H&E_0] FAILED: libopenslide.so.0: cannot open shared object file: No such file or directory
2026-06-19 22:22:00 [ERROR] [slide_H&E_0] FAILED: libopenslide.so.0: cannot open shared object file: No such file or directory
2026-06-19 22:22:00 [ERROR] [slide_H&E_0] FAILED: libopenslide.so.0: cannot open shared object file: No such file or directory
2026-06-19 22:22:00 [ERROR] [slide_H&E_0] FAILED: libopenslide.so.0: cannot open shared object file: No such file or directory
2026-06-19 22:22:00 [ERROR] [slide_H&E_0] FAILED: libopenslide.so.0: cannot open shared object file: No such file or directory
2026-06-19 22:22:00 [ERROR] [slide_H&E_0] FAILED: libopenslide.so.0: cannot open shared object file: No such file or directory
2026-06-19 22:22:00 [ERROR] [slide_H&E_0] FAILED: libopenslide.so.0: cannot open shared object file: No such file or directory
2026-06-19 22:22:00 [ERROR] [slide_H&E_0] FAILED: libopenslide.so.0: cannot open shared object file: No such file or directory
2026-06-19 22:22:00 [ERROR] [slide_H&E_0] FAILED: libopenslide.so.0: cannot open shared object file: No such file or directory
2026-06-19 22:22:00 [ERROR] [slide_H&E_0] FAILED: libopenslide.so.0: cannot open shared object file: No such file or directory
2026-06-19 22:22:00 [ERROR] [slide_H&E_0] FAILED: libopenslide.so.0: cannot open shared object file: No such file or directory
2026-06-19 22:22:00 [ERROR] [slide_H&E_0] FAILED: libopenslide.so.0: cannot open shared object file: No such file or directory
2026-06-19 22:22:00 [ERROR] [slide_H&E_0] FAILED: libopenslide.so.0: cannot open shared object file: No such file or directory
2026-06-19 22:22:00 [ERROR] [slide_H&E_0] FAILED: libopenslide.so.0: cannot open shared object file: No such file or directory
2026-06-19 22:22:00 [ERROR] [slide_H&E_0] FAILED: libopenslide.so.0: cannot open shared object file: No such file or directory
2026-06-19 22:22:00 [ERROR] [slide_H&E_0] FAILED: libopenslide.so.0: cannot open shared object file: No such file or directory
2026-06-19 22:22:00 [ERROR] [slide_H&E_0] FAILED: libopenslide.so.0: cannot open shared object file: No such file or directory
2026-06-19 22:22:00 [ERROR] [slide_H&E_0] FAILED: libopenslide.so.0: cannot open shared object file: No such file or directory
2026-06-19 22:22:00 [ERROR] [slide_H&E_0] FAILED: libopenslide.so.0: cannot open shared object file: No such file or directory
2026-06-19 22:22:00 [ERROR] [slide_H&E_0] FAILED: libopenslide.so.0: cannot open shared object file: No such file or directory
2026-06-19 22:22:00 [ERROR] [slide_H&E_0] FAILED: libopenslide.so.0: cannot open shared object file: No such file or directory
2026-06-19 22:22:00 [ERROR] [slide_H&E_0] FAILED: libopenslide.so.0: cannot open shared object file: No such file or directory
2026-06-19 22:22:00 [ERROR] [slide_H&E_0] FAILED: libopenslide.so.0: cannot open shared object file: No such file or directory
2026-06-19 22:22:00 [ERROR] [slide_H&E_0] FAILED: libopenslide.so.0: cannot open shared object file: No such file or directory
2026-06-19 22:22:00 [ERROR] [slide_H&E_0] FAILED: libopenslide.so.0: cannot open shared object file: No such file or directory
2026-06-19 22:22:00 [ERROR] [slide_H&E_0] FAILED: libopenslide.so.0: cannot open shared object file: No such file or directory
2026-06-19 22:22:00 [ERROR] [slide_H&E_0] FAILED: libopenslide.so.0: cannot open shared object file: No such file or directory
2026-06-19 22:22:00 [ERROR] [slide_H&E_0] FAILED: libopenslide.so.0: cannot open shared object file: No such file or directory
2026-06-19 22:22:00 [ERROR] [slide_H&E_0] FAILED: libopenslide.so.0: cannot open shared object file: No such file or directory
2026-06-19 22:22:00 [ERROR] [slide_H&E_0] FAILED: libopenslide.so.0: cannot open shared object file: No such file or directory
2026-06-19 22:22:00 [ERROR] [slide_H&E_0] FAILED: libopenslide.so.0: cannot open shared object file: No such file or directory
2026-06-19 22:22:00 [ERROR] [slide_H&E_0] FAILED: libopenslide.so.0: cannot open shared object file: No such file or directory
2026-06-19 22:22:00 [ERROR] [slide_H&E_0] FAILED: libopenslide.so.0: cannot open shared object file: No such file or directory
2026-06-19 22:22:00 [ERROR] [slide_H&E_0] FAILED: libopenslide.so.0: cannot open shared object file: No such file or directory
2026-06-19 22:22:00 [ERROR] [slide_H&E_0] FAILED: libopenslide.so.0: cannot open shared object file: No such file or directory
2026-06-19 22:22:00 [ERROR] [slide_H&E_0] FAILED: libopenslide.so.0: cannot open shared object file: No such file or directory
2026-06-19 22:22:00 [ERROR] [slide_H&E_0] FAILED: libopenslide.so.0: cannot open shared object file: No such file or directory
2026-06-19 22:22:00 [ERROR] [slide_H&E_0] FAILED: libopenslide.so.0: cannot open shared object file: No such file or directory
2026-06-19 22:22:00 [ERROR] [slide_H&E_0] FAILED: libopenslide.so.0: cannot open shared object file: No such file or directory
2026-06-19 22:22:00 [ERROR] [slide_H&E_0] FAILED: libopenslide.so.0: cannot open shared object file: No such file or directory
2026-06-19 22:22:00 [ERROR] [slide_H&E_0] FAILED: libopenslide.so.0: cannot open shared object file: No such file or directory
2026-06-19 22:22:00 [ERROR] [slide_H&E_0] FAILED: libopenslide.so.0: cannot open shared object file: No such file or directory
2026-06-19 22:22:00 [ERROR] [slide_H&E_0] FAILED: libopenslide.so.0: cannot open shared object file: No such file or directory
2026-06-19 22:22:00 [ERROR] [slide_H&E_0] FAILED: libopenslide.so.0: cannot open shared object file: No such file or directory
2026-06-19 22:22:00 [ERROR] [slide_H&E_0] FAILED: libopenslide.so.0: cannot open shared object file: No such file or directory
2026-06-19 22:22:00 [ERROR] [slide_H&E_0] FAILED: libopenslide.so.0: cannot open shared object file: No such file or directory
2026-06-19 22:22:00 [ERROR] [slide_H&E_0] FAILED: libopenslide.so.0: cannot open shared object file: No such file or directory
2026-06-19 22:22:00 [ERROR] [slide_H&E_0] FAILED: libopenslide.so.0: cannot open shared object file: No such file or directory
2026-06-19 22:22:00 [ERROR] [slide_H&E_0] FAILED: libopenslide.so.0: cannot open shared object file: No such file or directory
2026-06-19 22:22:00 [ERROR] [slide_H&E_0] FAILED: libopenslide.so.0: cannot open shared object file: No such file or directory
2026-06-19 22:22:00 [ERROR] [slide_H&E_0] FAILED: libopenslide.so.0: cannot open shared object file: No such file or directory
2026-06-19 22:22:00 [ERROR] [slide_H&E_0] FAILED: libopenslide.so.0: cannot open shared object file: No such file or directory
2026-06-19 22:22:00 [ERROR] [slide_H&E_0] FAILED: libopenslide.so.0: cannot open shared object file: No such file or directory
2026-06-19 22:22:00 [ERROR] [slide_H&E_0] FAILED: libopenslide.so.0: cannot open shared object file: No such file or directory
2026-06-19 22:22:00 [ERROR] [slide_H&E_0] FAILED: libopenslide.so.0: cannot open shared object file: No such file or directory
2026-06-19 22:22:00 [ERROR] [slide_H&E_0] FAILED: libopenslide.so.0: cannot open shared object file: No such file or directory
2026-06-19 22:22:00 [ERROR] [slide_H&E_0] FAILED: libopenslide.so.0: cannot open shared object file: No such file or directory
2026-06-19 22:22:00 [ERROR] [slide_H&E_0] FAILED: libopenslide.so.0: cannot open shared object file: No such file or directory
2026-06-19 22:22:00 [ERROR] [slide_H&E_0] FAILED: libopenslide.so.0: cannot open shared object file: No such file or directory
2026-06-19 22:22:00 [ERROR] [slide_H&E_0] FAILED: libopenslide.so.0: cannot open shared object file: No such file or directory
2026-06-19 22:22:00 [ERROR] [slide_H&E_0] FAILED: libopenslide.so.0: cannot open shared object file: No such file or directory
2026-06-19 22:22:00 [ERROR] [slide_H&E_0] FAILED: libopenslide.so.0: cannot open shared object file: No such file or directory
2026-06-19 22:22:00 [ERROR] [slide_H&E_0] FAILED: libopenslide.so.0: cannot open shared object file: No such file or directory
2026-06-19 22:22:00 [ERROR] [slide_H&E_0] FAILED: libopenslide.so.0: cannot open shared object file: No such file or directory
2026-06-19 22:22:00 [ERROR] [slide_H&E_0] FAILED: libopenslide.so.0: cannot open shared object file: No such file or directory
2026-06-19 22:22:00 [ERROR] [slide_H&E_0] FAILED: libopenslide.so.0: cannot open shared object file: No such file or directory
2026-06-19 22:22:00 [ERROR] [slide_H&E_0] FAILED: libopenslide.so.0: cannot open shared object file: No such file or directory
2026-06-19 22:22:00 [ERROR] [slide_H&E_0] FAILED: libopenslide.so.0: cannot open shared object file: No such file or directory
2026-06-19 22:22:00 [ERROR] [slide_H&E_0] FAILED: libopenslide.so.0: cannot open shared object file: No such file or directory
2026-06-19 22:22:00 [ERROR] [slide_H&E_0] FAILED: libopenslide.so.0: cannot open shared object file: No such file or directory
2026-06-19 22:22:00 [ERROR] [slide_H&E_0] FAILED: libopenslide.so.0: cannot open shared object file: No such file or directory
2026-06-19 22:22:00 [ERROR] [slide_H&E_0] FAILED: libopenslide.so.0: cannot open shared object file: No such file or directory
2026-06-19 22:22:00 [ERROR] [slide_H&E_0] FAILED: libopenslide.so.0: cannot open shared object file: No such file or directory
2026-06-19 22:22:00 [ERROR] [slide_H&E_0] FAILED: libopenslide.so.0: cannot open shared object file: No such file or directory
2026-06-19 22:22:00 [ERROR] [slide_H&E_0] FAILED: libopenslide.so.0: cannot open shared object file: No such file or directory
2026-06-19 22:22:00 [ERROR] [slide_H&E_0] FAILED: libopenslide.so.0: cannot open shared object file: No such file or directory
2026-06-19 22:22:00 [ERROR] [slide_H&E_0] FAILED: libopenslide.so.0: cannot open shared object file: No such file or directory
2026-06-19 22:22:00 [ERROR] [slide_H&E_0] FAILED: libopenslide.so.0: cannot open shared object file: No such file or directory
2026-06-19 22:22:00 [ERROR] [slide_H&E_0] FAILED: libopenslide.so.0: cannot open shared object file: No such file or directory
2026-06-19 22:22:00 [ERROR] [slide_H&E_0] FAILED: libopenslide.so.0: cannot open shared object file: No such file or directory
2026-06-19 22:22:00 [ERROR] [slide_H&E_0] FAILED: libopenslide.so.0: cannot open shared object file: No such file or directory
2026-06-19 22:22:00 [ERROR] [slide_H&E_0] FAILED: libopenslide.so.0: cannot open shared object file: No such file or directory
2026-06-19 22:22:00 [ERROR] [slide_H&E_0] FAILED: libopenslide.so.0: cannot open shared object file: No such file or directory
2026-06-19 22:22:00 [ERROR] [slide_H&E_0] FAILED: libopenslide.so.0: cannot open shared object file: No such file or directory
2026-06-19 22:22:00 [ERROR] [slide_H&E_0] FAILED: libopenslide.so.0: cannot open shared object file: No such file or directory
2026-06-19 22:22:00 [ERROR] [slide_H&E_0] FAILED: libopenslide.so.0: cannot open shared object file: No such file or directory
2026-06-19 22:22:00 [ERROR] [slide_H&E_0] FAILED: libopenslide.so.0: cannot open shared object file: No such file or directory
2026-06-19 22:22:00 [ERROR] [slide_H&E_0] FAILED: libopenslide.so.0: cannot open shared object file: No such file or directory
2026-06-19 22:22:00 [ERROR] [slide_H&E_0] FAILED: libopenslide.so.0: cannot open shared object file: No such file or directory
2026-06-19 22:22:00 [ERROR] [slide_H&E_0] FAILED: libopenslide.so.0: cannot open shared object file: No such file or directory
2026-06-19 22:22:00 [ERROR] [slide_H&E_0] FAILED: libopenslide.so.0: cannot open shared object file: No such file or directory
2026-06-19 22:22:00 [ERROR] [slide_H&E_0] FAILED: libopenslide.so.0: cannot open shared object file: No such file or directory
2026-06-19 22:22:00 [ERROR] [slide_H&E_0] FAILED: libopenslide.so.0: cannot open shared object file: No such file or directory
2026-06-19 22:22:00 [ERROR] [slide_H&E_0] FAILED: libopenslide.so.0: cannot open shared object file: No such file or directory
2026-06-19 22:22:00 [ERROR] [slide_H&E_0] FAILED: libopenslide.so.0: cannot open shared object file: No such file or directory
2026-06-19 22:22:00 [ERROR] [slide_H&E_0] FAILED: libopenslide.so.0: cannot open shared object file: No such file or directory
2026-06-19 22:22:00 [ERROR] [slide_H&E_0] FAILED: libopenslide.so.0: cannot open shared object file: No such file or directory
2026-06-19 22:22:00 [ERROR] [slide_H&E_0] FAILED: libopenslide.so.0: cannot open shared object file: No such file or directory
2026-06-19 22:22:00 [ERROR] [slide_H&E_0] FAILED: libopenslide.so.0: cannot open shared object file: No such file or directory
2026-06-19 22:22:00 [ERROR] [slide_H&E_0] FAILED: libopenslide.so.0: cannot open shared object file: No such file or directory
2026-06-19 22:22:00 [ERROR] [slide_H&E_0] FAILED: libopenslide.so.0: cannot open shared object file: No such file or directory
2026-06-19 22:22:00 [ERROR] [slide_H&E_0] FAILED: libopenslide.so.0: cannot open shared object file: No such file or directory
2026-06-19 22:22:00 [ERROR] [slide_H&E_0] FAILED: libopenslide.so.0: cannot open shared object file: No such file or directory
2026-06-19 22:22:00 [ERROR] [slide_H&E_0] FAILED: libopenslide.so.0: cannot open shared object file: No such file or directory
2026-06-19 22:22:00 [ERROR] [slide_H&E_0] FAILED: libopenslide.so.0: cannot open shared object file: No such file or directory
2026-06-19 22:22:00 [ERROR] [slide_H&E_0] FAILED: libopenslide.so.0: cannot open shared object file: No such file or directory
2026-06-19 22:22:00 [ERROR] [slide_H&E_0] FAILED: libopenslide.so.0: cannot open shared object file: No such file or directory
2026-06-19 22:22:00 [ERROR] [slide_H&E_0] FAILED: libopenslide.so.0: cannot open shared object file: No such file or directory
2026-06-19 22:22:00 [ERROR] [slide_H&E_0] FAILED: libopenslide.so.0: cannot open shared object file: No such file or directory
2026-06-19 22:22:00 [ERROR] [slide_H&E_0] FAILED: libopenslide.so.0: cannot open shared object file: No such file or directory
2026-06-19 22:22:00 [ERROR] [slide_H&E_0] FAILED: libopenslide.so.0: cannot open shared object file: No such file or directory
2026-06-19 22:22:00 [ERROR] [slide_H&E_0] FAILED: libopenslide.so.0: cannot open shared object file: No such file or directory
2026-06-19 22:22:00 [INFO] 
[HISTAI_Breast] Summary: 1925 slides | 0/0 patches kept (0.0%) | Errors: 1925 | Time: 0.0 min
2026-06-19 22:22:00 [INFO] 
======================================================================
2026-06-19 22:22:00 [INFO]   GLOBAL SUMMARY
2026-06-19 22:22:00 [INFO]   Total slides processed : 1925
2026-06-19 22:22:00 [INFO]   Candidate patches      : 0
2026-06-19 22:22:00 [INFO]   Kept patches           : 0
2026-06-19 22:22:00 [INFO]   Filter rate            : 0.0%
2026-06-19 22:22:00 [INFO]   Errors                 : 1925
2026-06-19 22:22:00 [INFO]   Total time             : 0.1 min
2026-06-19 22:22:00 [INFO]   Output directory       : /home/shared_data/HISTAI/HISTAI_Breast/patches
2026-06-19 22:22:00 [INFO] ======================================================================
2026-06-19 22:22:00 [INFO]   Stats saved to         : /home/shared_data/HISTAI/HISTAI_Breast/patches/extraction_stats.csv
2026-06-19 22:27:44 [INFO] ======================================================================
2026-06-19 22:27:44 [INFO]   WSI PATCH EXTRACTOR
2026-06-19 22:27:44 [INFO]   Config: config_files/patches_histai_breast.yaml
2026-06-19 22:27:44 [INFO] ======================================================================
2026-06-19 22:27:44 [INFO] GPUs available: 2
2026-06-19 22:27:44 [INFO]   GPU 0: NVIDIA GeForce RTX 4090 (23 GB)
2026-06-19 22:27:44 [INFO]   GPU 1: NVIDIA GeForce RTX 4090 (23 GB)
2026-06-19 22:27:44 [INFO] 
────────────────────────────────────────────────────────────
2026-06-19 22:27:44 [INFO] Dataset: HISTAI_Breast  |  Format: tiff
2026-06-19 22:27:44 [INFO] Path: /home/shared_data/HISTAI/HISTAI_Breast
2026-06-19 22:27:46 [INFO] Found 1925 file(s)
2026-06-21 16:29:24 [ERROR] [slide_H&E_0] FAILED: [Errno 5] Can't synchronously write data (file write failed: time = Sun Jun 21 16:29:24 2026
, filename = '/home/shared_data/HISTAI/HISTAI_Breast/patches/HISTAI_Breast/case_0136__slide_H&E_0.h5', file descriptor = 47, errno = 5, error message = 'Input/output error', buf = 0x5642420f6000, total write size = 2232448, bytes this sub-write = 2232448, bytes actually written = 18446744073709551615, offset = 0)
2026-06-26 17:23:54 [INFO] 
[HISTAI_Breast] Summary: 1925 slides | 18,705,908/104,686,417 patches kept (17.9%) | Errors: 1 | Time: 9759.7 min
2026-06-26 17:23:54 [INFO] 
======================================================================
2026-06-26 17:23:54 [INFO]   GLOBAL SUMMARY
2026-06-26 17:23:54 [INFO]   Total slides processed : 1925
2026-06-26 17:23:54 [INFO]   Candidate patches      : 104,686,417
2026-06-26 17:23:54 [INFO]   Kept patches           : 18,705,908
2026-06-26 17:23:54 [INFO]   Filter rate            : 82.1%
2026-06-26 17:23:54 [INFO]   Errors                 : 1
2026-06-26 17:23:54 [INFO]   Total time             : 9776.2 min
2026-06-26 17:23:54 [INFO]   Output directory       : /home/shared_data/HISTAI/HISTAI_Breast/patches
2026-06-26 17:23:54 [INFO] ======================================================================
2026-06-26 17:23:54 [INFO]   Stats saved to         : /home/shared_data/HISTAI/HISTAI_Breast/patches/extraction_stats.csv
